Tourist_ID,Age,Gender,Nationality,Travel_Group_Size,Duration_of_Stay,Season_of_Visit,Type_of_Accommodation,Purpose_of_Visit,Number_of_Previous_Visits,Spending_per_Day,Distance_from_Home_Country,Satisfaction_Rating,Weather_Conditions,Major_Attractions_Visited,Participation_in_Local_Events,Interaction_with_Locals,Recommendation_Likelihood,Social_Media_Shares,Revisit_Intention
1,56,Other,India,4,1,Spring,Airbnb,Education,4,111.98,639.67,3,Cloudy,8,No,Extensive,6,18,0
2,69,Other,France,1,5,Autumn,Hostel,Leisure,0,74.46,6698.61,2,Sunny,7,Yes,None,2,12,0
3,46,Other,UK,2,6,Summer,Hotel,Education,3,58.34,8094.61,1,Sunny,4,Yes,Some,5,10,0
4,32,Male,China,5,7,Spring,Hostel,Leisure,1,114.63,5135.97,9,Cloudy,1,No,None,6,0,1
5,60,Other,Australia,5,12,Spring,Hotel,Education,4,346.08,641.67,8,Rainy,1,No,Some,8,14,1
6,25,Male,UK,5,9,Autumn,Hotel,Leisure,2,377.36,5401.16,5,Snowy,4,Yes,None,9,17,1
7,38,Female,China,4,3,Spring,Airbnb,Business,1,403.93,9363.92,2,Cloudy,5,Yes,Some,6,15,1
8,56,Other,Australia,3,2,Autumn,Hostel,Leisure,3,159.67,6016.37,1,Snowy,7,Yes,Extensive,5,8,0
9,36,Male,UK,3,14,Spring,Airbnb,Leisure,0,187.65,8113.33,7,Rainy,4,Yes,Some,4,0,1
10,40,Male,China,1,3,Winter,Hostel,Leisure,1,267.41,8021.51,2,Snowy,1,No,None,2,10,0
11,28,Other,UK,4,12,Summer,Airbnb,Education,1,78.43,9328.08,1,Rainy,7,No,Some,2,8,1
12,28,Female,UK,5,9,Winter,Hostel,Education,4,325.01,7725.26,2,Rainy,2,Yes,None,7,10,1
13,41,Female,Australia,5,12,Autumn,Airbnb,Education,2,492.68,7502.24,7,Sunny,2,No,None,5,12,0
14,53,Female,UK,2,7,Winter,Hotel,Business,2,212.36,2417.62,7,Sunny,8,Yes,None,7,1,1
15,57,Male,UK,2,9,Autumn,Hostel,Business,0,388.78,693.26,10,Rainy,5,No,Extensive,1,13,0
16,41,Male,Australia,5,13,Spring,Hostel,Leisure,3,275.02,5224.23,6,Cloudy,2,No,Some,1,5,1
17,20,Male,France,5,2,Spring,Hotel,Business,0,107.52,1331.9,5,Sunny,5,Yes,None,5,7,0
18,39,Male,USA,4,5,Autumn,Airbnb,Leisure,1,312.01,9625.74,3,Rainy,8,Yes,Extensive,2,17,1
19,19,Female,Germany,3,13,Winter,Hostel,Leisure,1,184.94,2970.26,3,Snowy,6,Yes,None,8,15,0
20,41,Other,India,2,4,Spring,Hostel,Leisure,2,65.48,8544.15,9,Snowy,3,Yes,Some,3,11,1
21,61,Male,Germany,3,2,Summer,Airbnb,Business,3,335.72,3937.48,4,Cloudy,8,No,Extensive,1,10,1
22,47,Male,Germany,4,9,Spring,Hotel,Education,4,436.52,3299.62,9,Snowy,9,No,None,2,5,1
23,55,Female,China,5,9,Summer,Airbnb,Business,3,205.15,9358.07,4,Snowy,5,Yes,None,10,2,1
24,19,Other,USA,3,6,Winter,Airbnb,Leisure,1,225.63,3696.89,2,Rainy,2,No,None,10,13,1
25,38,Other,China,5,11,Summer,Airbnb,Leisure,4,450.96,3963.85,4,Snowy,2,No,Some,7,1,1
26,50,Female,USA,5,6,Summer,Hostel,Business,3,416.12,1150.31,6,Snowy,7,Yes,Extensive,6,10,0
27,29,Female,Australia,1,8,Summer,Hotel,Leisure,3,371.73,6737.42,6,Snowy,1,Yes,Extensive,8,2,0
28,39,Other,Australia,3,6,Summer,Hotel,Leisure,4,161.96,2959.51,5,Snowy,2,No,Extensive,7,17,1
29,61,Male,USA,3,1,Spring,Airbnb,Business,1,459.6,5897.48,1,Rainy,4,Yes,None,10,0,1
30,42,Other,UK,5,4,Summer,Hostel,Business,3,119.49,5954.38,3,Snowy,1,Yes,Extensive,8,0,1
31,66,Female,France,4,13,Spring,Airbnb,Business,4,332.05,7220.08,5,Cloudy,4,No,None,3,11,0
32,44,Male,UK,1,7,Summer,Hostel,Leisure,1,62.96,7477.89,6,Sunny,5,No,Some,6,14,1
33,59,Male,France,5,13,Autumn,Hostel,Leisure,4,339.67,5193.08,1,Cloudy,9,Yes,Extensive,7,4,0
34,45,Female,China,2,13,Winter,Hostel,Education,4,174.71,3376.82,9,Sunny,1,No,None,10,5,1
35,33,Female,France,2,2,Summer,Hostel,Education,3,252.35,8390.76,3,Cloudy,5,Yes,Extensive,1,15,1
36,32,Female,China,1,9,Autumn,Hotel,Business,1,205.37,3167.67,10,Sunny,2,Yes,Extensive,1,11,0
37,64,Other,Australia,4,8,Summer,Hostel,Education,3,127.74,5124.34,3,Sunny,9,No,Some,7,11,1
38,68,Other,Germany,5,8,Summer,Hostel,Leisure,0,329.89,4072.4,2,Sunny,6,No,Extensive,3,2,0
39,61,Male,Australia,3,7,Summer,Airbnb,Education,0,446.89,8565.28,8,Sunny,2,Yes,Some,3,1,1
40,69,Female,Australia,1,4,Autumn,Airbnb,Leisure,1,481.59,4375.99,3,Rainy,3,Yes,Extensive,5,6,1
41,20,Male,Germany,4,2,Winter,Hotel,Business,4,136.56,3922.38,6,Cloudy,8,Yes,Extensive,6,1,1
42,54,Male,France,3,3,Autumn,Airbnb,Business,3,372.82,6929.25,2,Sunny,1,No,Extensive,2,6,1
43,68,Male,France,2,12,Winter,Hostel,Leisure,3,348.95,6064.17,7,Cloudy,3,Yes,Extensive,3,10,0
44,24,Male,China,2,6,Summer,Airbnb,Education,1,204.52,1161.74,4,Snowy,1,No,Extensive,6,10,1
45,38,Female,UK,3,12,Spring,Hotel,Business,1,58.59,5130.87,9,Sunny,8,Yes,Extensive,3,13,1
46,26,Male,China,1,12,Summer,Airbnb,Business,0,360.41,7381.24,10,Cloudy,1,No,Some,5,2,1
47,56,Female,UK,2,5,Winter,Airbnb,Education,2,475.47,9921.54,9,Rainy,5,Yes,Some,9,13,0
48,35,Female,Australia,5,12,Autumn,Hotel,Education,1,334.45,6328.55,7,Cloudy,4,No,None,3,10,1
49,21,Other,Germany,3,8,Summer,Hotel,Leisure,2,245.88,3765.9,8,Sunny,7,Yes,Extensive,6,3,1
50,42,Female,Australia,3,6,Autumn,Hostel,Education,1,286.32,2338.9,3,Snowy,5,Yes,Some,5,16,1
51,31,Other,USA,2,6,Autumn,Airbnb,Education,4,139.83,8741.02,5,Cloudy,8,Yes,Extensive,5,15,1
52,67,Female,France,1,1,Autumn,Hostel,Education,4,387.74,8164.2,2,Snowy,1,Yes,Extensive,6,2,1
53,26,Female,UK,5,4,Summer,Airbnb,Leisure,0,385.89,2415.84,10,Rainy,5,No,Some,6,9,1
54,43,Female,China,1,5,Autumn,Airbnb,Leisure,0,115.48,2086.26,7,Cloudy,4,No,Extensive,1,14,1
55,19,Other,Germany,4,12,Autumn,Hostel,Business,2,445.09,7179.85,8,Cloudy,3,No,Some,9,7,0
56,37,Other,UK,4,11,Summer,Airbnb,Leisure,1,171.14,3218.03,9,Rainy,5,No,Some,5,17,1
57,45,Male,China,2,3,Autumn,Airbnb,Business,3,492.02,3133.35,7,Rainy,3,No,None,1,2,1
58,64,Other,France,2,13,Summer,Airbnb,Education,0,222.31,1607.67,10,Rainy,8,Yes,None,8,6,1
59,24,Other,Australia,2,9,Winter,Hotel,Business,3,130.05,2713.36,10,Sunny,3,No,None,7,9,1
60,61,Other,France,4,1,Winter,Hostel,Business,3,208.27,4332.32,8,Sunny,1,No,None,7,19,1
61,25,Other,India,1,6,Winter,Hotel,Education,1,248.08,7355.1,9,Cloudy,9,No,Extensive,5,8,0
62,64,Male,USA,1,6,Autumn,Hostel,Business,2,81.19,3429.45,6,Cloudy,9,No,Extensive,1,13,1
63,52,Other,India,2,10,Spring,Hostel,Leisure,1,310.2,3353.18,10,Cloudy,6,Yes,None,9,13,1
64,31,Female,Germany,5,5,Spring,Airbnb,Leisure,0,318.93,2920.64,2,Snowy,1,Yes,Some,9,10,1
65,34,Female,UK,1,12,Autumn,Hostel,Leisure,3,382.52,4835.01,2,Rainy,8,Yes,Some,8,0,1
66,53,Other,Germany,4,5,Spring,Hotel,Leisure,1,63.13,1888.3,4,Cloudy,2,Yes,Some,5,3,1
67,67,Other,Australia,3,10,Summer,Hotel,Business,1,293.56,4907.74,9,Rainy,9,No,Some,3,5,0
68,57,Female,China,3,14,Spring,Hotel,Business,1,73.81,7071.34,7,Sunny,8,No,Extensive,8,4,1
69,21,Female,France,3,13,Autumn,Hostel,Education,0,365.51,394.93,2,Rainy,3,Yes,Some,1,2,1
70,19,Male,India,5,5,Autumn,Hotel,Business,2,75.08,196.82,8,Snowy,5,Yes,Some,3,1,1
71,23,Female,India,2,6,Summer,Hostel,Business,1,460.28,843.72,7,Snowy,9,No,None,7,2,1
72,59,Female,Australia,4,8,Winter,Hotel,Business,0,365.94,5403.03,9,Rainy,1,No,Some,4,8,0
73,21,Other,India,5,2,Autumn,Hotel,Education,3,278.33,8559.11,8,Snowy,9,Yes,Extensive,7,18,0
74,46,Female,Australia,4,6,Summer,Hostel,Leisure,4,248.68,148.36,3,Snowy,4,Yes,Some,5,18,1
75,35,Male,Germany,4,1,Spring,Hotel,Business,0,108.8,9372.95,1,Sunny,4,Yes,Some,6,16,1
76,43,Female,France,2,4,Spring,Airbnb,Education,4,180.95,1152.16,2,Cloudy,4,Yes,Extensive,7,17,1
77,61,Other,UK,3,14,Summer,Hostel,Education,1,441.03,8435.64,2,Snowy,9,No,None,10,10,1
78,51,Other,China,2,10,Summer,Hostel,Education,1,457.0,4880.26,4,Cloudy,6,No,Extensive,7,11,1
79,27,Female,UK,5,3,Autumn,Hostel,Leisure,0,50.34,6627.64,6,Rainy,8,No,None,7,2,1
80,53,Other,Germany,5,9,Spring,Airbnb,Business,4,317.36,5155.76,4,Rainy,4,Yes,Some,7,17,0
81,31,Male,China,5,3,Summer,Hostel,Education,1,373.69,4822.78,9,Snowy,3,No,None,7,5,1
82,48,Male,India,2,6,Spring,Hotel,Leisure,3,328.44,8365.5,4,Rainy,1,No,None,3,6,1
83,65,Female,USA,4,1,Summer,Hotel,Education,2,86.76,7583.28,6,Sunny,7,Yes,None,3,0,0
84,32,Female,Germany,4,12,Spring,Hotel,Education,2,147.98,4885.68,6,Snowy,4,Yes,Some,7,5,1
85,25,Female,Germany,1,6,Winter,Hostel,Education,1,162.65,1205.2,10,Snowy,8,Yes,None,2,17,1
86,31,Other,France,5,4,Autumn,Hotel,Education,4,424.28,1242.49,10,Snowy,3,Yes,None,2,12,1
87,40,Male,UK,4,8,Spring,Hostel,Education,1,258.44,8035.24,1,Rainy,1,Yes,Some,3,18,0
88,57,Male,Germany,1,13,Winter,Hotel,Leisure,4,269.07,5340.97,8,Rainy,5,Yes,Extensive,4,6,1
89,38,Other,Germany,4,11,Spring,Airbnb,Business,3,470.7,4867.73,3,Snowy,2,No,Extensive,6,18,0
90,33,Male,India,5,9,Spring,Airbnb,Business,4,336.69,6837.61,6,Cloudy,3,No,Extensive,8,8,0
91,62,Female,India,3,4,Winter,Airbnb,Business,1,454.4,8602.53,3,Rainy,6,No,Some,10,2,1
92,35,Female,China,5,10,Spring,Airbnb,Business,3,255.43,6325.84,2,Rainy,3,No,Some,10,11,1
93,64,Female,Australia,2,12,Spring,Hostel,Leisure,0,117.25,7652.19,5,Snowy,3,No,Extensive,7,19,1
94,41,Male,Australia,4,10,Autumn,Hotel,Leisure,2,468.47,7676.18,1,Cloudy,6,No,None,4,17,1
95,43,Female,USA,4,6,Winter,Airbnb,Leisure,1,256.42,3626.99,9,Snowy,5,Yes,Extensive,2,7,1
96,42,Other,Australia,2,1,Winter,Hostel,Education,1,131.73,2813.42,7,Rainy,9,Yes,Some,2,8,1
97,62,Other,France,2,4,Summer,Airbnb,Education,1,186.08,8031.52,3,Snowy,1,Yes,None,4,12,1
98,58,Male,USA,3,7,Spring,Airbnb,Education,3,72.86,3834.07,4,Snowy,3,No,None,6,7,1
99,46,Other,China,4,12,Autumn,Hostel,Business,0,260.74,9043.03,6,Snowy,3,No,Some,3,9,1
100,32,Other,India,4,1,Spring,Hostel,Education,4,433.91,789.94,3,Cloudy,6,Yes,None,6,16,1
101,62,Male,Australia,3,8,Spring,Hotel,Business,0,470.11,676.35,7,Snowy,8,Yes,Extensive,5,6,0
102,18,Female,UK,1,12,Summer,Hotel,Education,3,469.67,9277.34,6,Rainy,3,Yes,Some,5,16,1
103,42,Female,India,3,10,Spring,Airbnb,Business,1,106.35,6519.7,9,Snowy,3,Yes,Some,2,17,1
104,24,Female,France,5,12,Autumn,Airbnb,Education,2,221.92,3858.03,5,Cloudy,6,Yes,Some,8,1,1
105,26,Male,India,4,11,Autumn,Hotel,Education,1,62.7,7575.1,4,Sunny,8,No,Some,5,2,1
106,41,Other,France,2,6,Summer,Hotel,Leisure,4,434.82,6756.04,3,Cloudy,6,No,None,2,18,0
107,18,Female,France,5,5,Spring,Hostel,Education,2,211.44,5358.89,10,Snowy,3,No,Some,7,0,1
108,61,Female,France,4,10,Autumn,Hotel,Education,1,334.0,1078.85,1,Sunny,4,Yes,Some,9,9,1
109,25,Male,China,3,11,Spring,Hotel,Leisure,2,371.7,8140.58,3,Snowy,1,No,None,9,13,0
110,41,Female,France,5,14,Spring,Airbnb,Business,0,243.43,8673.63,3,Cloudy,8,Yes,Some,1,12,1
111,28,Male,France,4,9,Spring,Hotel,Leisure,3,187.9,1804.47,7,Sunny,4,No,None,7,8,1
112,68,Other,UK,1,2,Summer,Airbnb,Leisure,1,483.0,8520.07,7,Sunny,6,Yes,None,9,5,1
113,34,Male,USA,1,5,Spring,Hotel,Business,4,484.02,8790.69,1,Snowy,3,Yes,Some,6,5,1
114,25,Male,Germany,2,6,Autumn,Hostel,Education,0,180.25,5539.34,3,Snowy,6,No,Extensive,1,18,1
115,52,Male,USA,4,7,Spring,Hotel,Business,1,265.83,6596.17,8,Cloudy,9,No,Some,2,9,1
116,52,Male,France,1,5,Autumn,Hotel,Education,0,487.78,3884.15,9,Snowy,9,No,Extensive,4,2,1
117,50,Other,UK,3,9,Spring,Hotel,Education,4,52.19,2889.74,7,Sunny,3,No,None,4,17,1
118,22,Other,India,4,1,Autumn,Airbnb,Business,1,235.71,7247.63,7,Rainy,3,No,Extensive,2,18,1
119,59,Female,UK,3,7,Autumn,Hostel,Leisure,4,95.21,8632.56,8,Rainy,4,Yes,Some,8,4,1
120,56,Other,France,3,10,Spring,Hotel,Business,2,279.12,6575.37,6,Cloudy,7,No,Some,2,10,1
121,58,Other,UK,1,7,Spring,Airbnb,Education,4,61.1,5164.75,3,Snowy,3,No,Extensive,3,9,1
122,45,Female,Australia,4,4,Autumn,Hostel,Business,2,233.1,1673.36,1,Cloudy,8,Yes,Some,4,16,1
123,24,Other,UK,5,9,Winter,Airbnb,Business,1,149.31,629.24,7,Rainy,8,No,Extensive,9,3,1
124,26,Male,France,1,14,Summer,Airbnb,Education,2,289.99,4512.35,1,Rainy,6,Yes,None,10,17,1
125,25,Male,China,1,12,Winter,Hostel,Leisure,1,498.2,588.56,1,Snowy,4,No,Extensive,1,17,0
126,29,Female,Australia,4,11,Winter,Hotel,Business,1,410.24,5736.41,9,Sunny,5,No,Extensive,8,0,0
127,51,Female,UK,4,5,Spring,Airbnb,Education,3,430.54,3889.02,10,Snowy,2,Yes,Extensive,5,13,0
128,50,Female,Germany,3,4,Summer,Airbnb,Education,1,335.87,7596.17,7,Rainy,6,No,Extensive,7,7,0
129,65,Male,Germany,4,13,Winter,Hotel,Business,2,68.7,3125.92,4,Sunny,3,No,None,8,1,1
130,40,Other,UK,3,7,Spring,Hotel,Leisure,3,143.06,5970.53,6,Cloudy,6,No,None,5,18,0
131,41,Male,China,1,4,Winter,Hostel,Business,3,466.28,5423.07,1,Rainy,5,No,None,8,14,1
132,54,Female,India,2,3,Winter,Hostel,Leisure,1,214.75,146.65,7,Cloudy,2,Yes,Extensive,10,1,0
133,52,Other,France,5,9,Spring,Hostel,Leisure,4,96.64,816.66,6,Sunny,5,Yes,None,8,3,1
134,61,Other,Germany,1,11,Spring,Hotel,Leisure,4,366.08,2974.65,4,Cloudy,5,No,Some,9,0,1
135,57,Male,India,4,8,Spring,Airbnb,Leisure,3,184.76,8834.13,7,Rainy,9,No,None,2,18,0
136,39,Female,UK,5,1,Summer,Airbnb,Business,1,170.99,1555.45,3,Snowy,8,Yes,Extensive,3,9,1
137,44,Male,India,2,7,Winter,Hostel,Education,4,499.09,7137.85,1,Cloudy,7,Yes,Some,1,0,0
138,52,Other,Australia,2,9,Spring,Hotel,Education,1,436.16,9736.33,4,Rainy,3,No,Extensive,4,19,1
139,18,Male,USA,3,8,Autumn,Airbnb,Education,1,233.57,7926.62,3,Rainy,4,Yes,Some,5,14,1
140,52,Male,Germany,5,8,Winter,Hostel,Education,3,491.12,2505.16,1,Sunny,6,Yes,Extensive,1,3,1
141,54,Female,UK,3,13,Autumn,Airbnb,Education,3,342.55,9092.82,2,Rainy,3,Yes,Extensive,8,6,0
142,64,Female,France,1,6,Summer,Airbnb,Education,0,383.91,1021.76,5,Snowy,9,Yes,Some,2,6,1
143,31,Other,China,5,11,Spring,Hotel,Business,4,64.18,4734.61,8,Snowy,8,No,None,1,17,1
144,20,Male,Australia,1,4,Autumn,Hotel,Leisure,4,104.72,8886.66,1,Cloudy,6,Yes,Some,2,12,1
145,18,Male,UK,3,8,Summer,Airbnb,Education,4,334.89,6448.53,4,Cloudy,4,No,Some,5,9,1
146,22,Male,France,5,3,Spring,Hostel,Business,2,454.56,4195.08,4,Cloudy,7,No,Some,9,7,1
147,43,Other,China,3,13,Autumn,Hotel,Education,1,330.68,2998.85,5,Cloudy,3,Yes,Some,9,9,1
148,31,Other,China,5,9,Autumn,Airbnb,Education,3,110.31,3813.48,7,Snowy,8,No,Some,2,13,0
149,56,Female,UK,3,13,Summer,Hotel,Leisure,4,102.09,5138.52,8,Sunny,1,No,Extensive,2,13,0
150,44,Female,Australia,2,2,Spring,Hotel,Leisure,0,429.88,3258.53,6,Cloudy,3,Yes,Extensive,3,19,1
151,26,Female,India,3,2,Spring,Hotel,Leisure,4,112.69,9692.78,1,Sunny,5,Yes,None,7,10,0
152,32,Male,India,2,12,Autumn,Airbnb,Education,1,284.1,9337.47,7,Rainy,5,Yes,None,3,5,0
153,32,Male,China,3,13,Autumn,Hostel,Education,1,66.7,8719.65,3,Rainy,2,No,Some,1,0,0
154,43,Female,India,5,12,Autumn,Hostel,Education,3,86.3,4276.12,6,Cloudy,8,No,None,6,18,1
155,59,Male,USA,5,7,Spring,Hostel,Leisure,2,352.56,6943.89,8,Rainy,5,No,None,3,6,1
156,30,Female,China,5,12,Summer,Hotel,Business,3,360.13,9038.01,7,Sunny,7,No,Some,1,17,1
157,68,Other,China,4,10,Summer,Airbnb,Education,4,203.66,8519.25,10,Sunny,7,Yes,Extensive,4,2,0
158,49,Female,France,1,4,Spring,Hotel,Education,0,147.02,4201.84,6,Rainy,5,No,Extensive,1,19,1
159,56,Other,India,5,10,Winter,Hostel,Education,3,416.17,1212.62,9,Cloudy,8,Yes,None,1,10,1
160,66,Male,Australia,2,8,Summer,Hostel,Business,2,147.7,848.74,9,Sunny,9,Yes,Extensive,2,4,1
161,69,Female,China,5,9,Autumn,Airbnb,Education,3,293.91,5812.93,1,Sunny,4,Yes,Extensive,10,18,1
162,49,Male,Australia,4,7,Winter,Hotel,Business,1,485.69,6462.02,1,Snowy,4,Yes,None,8,1,1
163,21,Other,USA,2,5,Winter,Hostel,Education,4,116.53,8513.44,1,Cloudy,8,No,Some,2,3,1
164,47,Other,France,4,8,Summer,Airbnb,Business,4,473.39,2995.9,8,Snowy,1,Yes,None,2,9,0
165,54,Other,UK,2,4,Winter,Hotel,Education,4,132.3,1757.96,10,Rainy,4,No,None,10,1,0
166,40,Male,Australia,3,2,Winter,Hotel,Leisure,4,305.35,3852.16,7,Rainy,6,Yes,None,10,7,0
167,56,Male,China,1,11,Summer,Hostel,Leisure,4,219.65,3600.39,3,Snowy,4,Yes,Some,8,0,1
168,62,Male,USA,1,12,Summer,Hostel,Leisure,4,484.22,1411.44,2,Cloudy,6,Yes,Some,6,5,0
169,32,Male,Germany,4,6,Winter,Hotel,Leisure,0,173.09,6755.6,4,Sunny,5,No,Some,4,10,1
170,60,Other,USA,1,9,Autumn,Hotel,Education,2,229.85,5136.05,3,Rainy,9,Yes,Some,3,9,0
171,46,Other,USA,4,1,Spring,Hostel,Leisure,4,492.29,7239.12,7,Cloudy,9,Yes,None,1,12,1
172,53,Female,France,4,11,Winter,Hotel,Business,2,291.41,3591.64,10,Cloudy,4,Yes,Extensive,3,0,1
173,30,Female,UK,4,10,Winter,Hostel,Leisure,4,276.18,3324.45,8,Rainy,4,Yes,None,9,1,1
174,49,Male,Germany,1,12,Autumn,Hotel,Leisure,3,166.0,4778.5,6,Rainy,8,No,Some,5,2,1
175,24,Other,India,4,7,Winter,Hostel,Leisure,4,365.61,8786.33,3,Cloudy,4,No,Extensive,6,8,0
176,68,Other,India,1,10,Winter,Airbnb,Education,1,56.47,498.78,6,Sunny,2,Yes,None,5,4,1
177,39,Other,Australia,4,9,Spring,Hostel,Leisure,0,72.28,8067.84,2,Snowy,2,Yes,Extensive,1,9,0
178,45,Female,USA,5,10,Spring,Hostel,Business,3,319.71,3752.98,7,Rainy,1,No,Some,10,9,1
179,19,Female,France,4,9,Spring,Airbnb,Leisure,3,203.75,8560.73,10,Snowy,5,No,Extensive,1,11,1
180,59,Other,France,2,10,Summer,Hotel,Leisure,1,478.99,8041.81,7,Cloudy,6,No,Extensive,4,17,0
181,62,Other,India,4,11,Summer,Airbnb,Leisure,4,456.44,3552.74,4,Snowy,9,Yes,Some,3,0,0
182,23,Other,Australia,3,13,Spring,Hostel,Business,0,371.17,6969.38,8,Sunny,5,No,Extensive,8,2,1
183,45,Female,Australia,4,3,Spring,Hotel,Leisure,3,418.17,1680.36,4,Cloudy,6,Yes,None,7,4,1
184,45,Other,Australia,2,11,Summer,Airbnb,Business,0,350.3,8973.19,7,Sunny,6,No,Extensive,7,16,1
185,61,Other,Germany,2,13,Autumn,Hotel,Business,3,106.51,4104.46,4,Cloudy,3,No,None,8,7,1
186,61,Male,UK,1,5,Winter,Hotel,Leisure,4,394.49,4610.69,5,Sunny,4,Yes,Extensive,10,16,1
187,37,Male,Germany,5,8,Winter,Airbnb,Business,3,144.59,7087.01,7,Cloudy,1,No,Extensive,7,8,0
188,47,Female,China,4,8,Spring,Hotel,Education,3,195.55,8226.32,10,Sunny,4,Yes,Some,10,5,1
189,28,Other,China,1,4,Autumn,Airbnb,Leisure,2,418.66,2439.79,3,Cloudy,1,No,Some,2,16,0
190,45,Other,UK,5,12,Summer,Hostel,Leisure,4,291.44,6647.37,10,Sunny,5,Yes,None,4,7,1
191,42,Male,India,4,11,Spring,Hotel,Business,1,436.97,3980.78,5,Cloudy,8,No,Some,6,6,1
192,56,Female,UK,3,11,Autumn,Hostel,Business,1,145.87,3750.16,3,Sunny,8,No,Some,3,6,0
193,50,Male,France,4,1,Autumn,Hostel,Leisure,4,323.5,6931.26,5,Rainy,5,Yes,Some,3,14,1
194,18,Male,China,2,1,Autumn,Hotel,Education,1,87.71,3933.11,3,Snowy,2,Yes,Some,6,6,1
195,44,Male,USA,2,4,Summer,Airbnb,Business,4,339.38,3526.47,10,Cloudy,6,Yes,Some,1,7,1
196,69,Male,USA,3,6,Summer,Hotel,Business,1,393.14,8375.3,7,Sunny,1,Yes,None,1,8,0
197,30,Other,India,1,8,Winter,Hostel,Education,2,313.22,1102.63,1,Rainy,7,No,None,5,14,0
198,58,Other,France,5,6,Winter,Hostel,Education,1,169.8,6791.34,9,Cloudy,4,No,Some,1,1,1
199,20,Male,Germany,4,12,Autumn,Airbnb,Leisure,3,64.1,2562.38,9,Cloudy,5,No,Some,10,6,1
200,56,Female,France,2,9,Autumn,Hotel,Education,4,103.75,253.43,5,Cloudy,6,No,None,8,14,1
201,23,Female,USA,1,9,Summer,Hostel,Leisure,0,330.04,1750.97,9,Snowy,1,No,Extensive,2,17,0
202,25,Female,USA,3,14,Winter,Hostel,Education,0,470.49,6105.95,10,Sunny,9,No,None,6,17,1
203,44,Female,China,2,2,Autumn,Hostel,Business,4,142.94,7120.36,6,Sunny,4,Yes,Extensive,10,9,1
204,26,Male,France,3,10,Winter,Airbnb,Leisure,2,380.76,308.47,5,Cloudy,8,No,Some,10,17,1
205,54,Other,France,4,1,Winter,Hostel,Leisure,1,439.9,460.61,3,Cloudy,5,No,Some,5,0,1
206,50,Female,USA,5,2,Autumn,Hostel,Leisure,2,284.4,9035.17,8,Cloudy,8,Yes,None,10,6,1
207,68,Male,Germany,2,5,Summer,Hotel,Education,0,351.17,825.73,4,Rainy,1,No,Some,4,2,1
208,59,Female,India,2,4,Autumn,Hotel,Business,4,416.76,8952.4,10,Cloudy,8,No,Extensive,1,13,1
209,61,Female,Australia,4,4,Autumn,Hostel,Leisure,4,167.3,2358.84,3,Snowy,4,No,Extensive,3,11,1
210,41,Male,India,1,9,Winter,Hostel,Leisure,2,183.6,7426.18,6,Sunny,2,Yes,None,4,13,1
211,32,Other,France,5,11,Autumn,Hotel,Leisure,2,50.28,3166.36,8,Snowy,6,Yes,Extensive,2,3,1
212,49,Other,India,2,8,Summer,Airbnb,Leisure,1,483.39,8601.65,9,Cloudy,2,No,None,2,12,1
213,49,Male,USA,5,6,Autumn,Airbnb,Business,3,462.9,7034.5,6,Rainy,5,Yes,None,2,15,0
214,41,Other,USA,2,1,Summer,Airbnb,Education,3,394.06,4077.95,5,Cloudy,2,No,Extensive,1,15,0
215,58,Male,France,5,2,Summer,Airbnb,Business,1,85.58,855.39,2,Cloudy,3,No,Extensive,10,4,0
216,69,Male,France,3,6,Winter,Airbnb,Leisure,3,251.38,7353.73,2,Cloudy,6,No,Extensive,2,19,0
217,66,Male,Australia,2,11,Spring,Airbnb,Business,0,95.85,6207.16,9,Cloudy,1,Yes,Extensive,6,5,0
218,66,Other,Australia,5,2,Spring,Airbnb,Leisure,3,57.16,128.83,2,Cloudy,6,No,Extensive,3,5,1
219,69,Male,China,1,13,Winter,Airbnb,Education,1,327.28,193.26,2,Sunny,3,No,Extensive,10,17,1
220,29,Female,France,3,10,Autumn,Hotel,Education,3,482.37,8107.05,3,Snowy,7,No,Extensive,5,5,1
221,56,Other,Germany,3,5,Winter,Airbnb,Education,4,456.29,2668.06,3,Rainy,2,No,Some,1,6,0
222,19,Other,India,1,14,Summer,Airbnb,Leisure,2,363.54,6397.72,4,Cloudy,6,No,None,8,15,0
223,20,Other,France,5,5,Spring,Airbnb,Business,0,93.49,4596.72,7,Rainy,8,Yes,None,4,8,1
224,66,Other,UK,4,6,Winter,Hostel,Education,4,173.37,8647.96,9,Sunny,1,No,Extensive,9,12,1
225,54,Female,China,1,6,Autumn,Hotel,Leisure,4,194.03,9177.92,2,Snowy,9,Yes,None,4,11,1
226,66,Other,UK,5,14,Winter,Hotel,Leisure,1,393.42,9968.4,4,Cloudy,5,No,Extensive,2,18,1
227,34,Other,USA,1,6,Spring,Hotel,Business,2,411.01,1621.47,9,Sunny,5,Yes,Some,3,0,1
228,66,Male,Australia,1,14,Winter,Airbnb,Education,2,223.3,8643.34,2,Sunny,5,No,None,5,7,1
229,19,Other,India,2,2,Winter,Airbnb,Leisure,0,238.05,2733.61,10,Snowy,6,No,None,10,3,1
230,19,Female,France,5,14,Spring,Hostel,Business,1,70.03,5949.08,1,Cloudy,2,Yes,Some,6,18,1
231,45,Female,UK,4,10,Summer,Hotel,Education,0,180.11,5107.15,10,Snowy,6,Yes,Some,7,4,1
232,40,Female,India,2,14,Summer,Airbnb,Business,3,253.08,278.08,8,Snowy,4,No,Some,4,16,1
233,54,Female,USA,1,13,Spring,Hotel,Business,4,102.64,9334.44,9,Rainy,8,Yes,None,7,2,1
234,49,Other,Australia,1,14,Winter,Hostel,Leisure,0,253.97,875.44,7,Rainy,9,Yes,None,10,18,0
235,50,Other,Germany,1,3,Spring,Hostel,Leisure,4,433.93,6913.37,8,Snowy,9,No,Some,3,0,1
236,18,Female,China,5,14,Summer,Hostel,Leisure,1,311.59,7871.57,4,Rainy,8,No,Some,7,0,1
237,36,Female,India,5,6,Autumn,Hotel,Business,3,85.52,7973.35,4,Sunny,3,No,Some,4,19,1
238,19,Other,India,2,13,Winter,Airbnb,Leisure,1,136.25,1441.4,2,Snowy,4,No,Some,8,8,1
239,61,Female,Germany,4,8,Summer,Airbnb,Business,3,263.54,4530.94,8,Cloudy,1,No,Some,9,4,1
240,43,Male,India,2,12,Winter,Hostel,Business,3,212.67,8311.35,2,Cloudy,9,Yes,Extensive,7,6,1
241,49,Female,USA,3,13,Spring,Airbnb,Leisure,4,211.43,3096.52,9,Sunny,5,No,Some,8,5,1
242,23,Female,USA,1,11,Autumn,Hostel,Education,1,288.17,4730.71,4,Cloudy,6,Yes,Extensive,8,16,0
243,49,Male,Germany,1,12,Spring,Hotel,Education,1,312.98,2800.66,1,Cloudy,3,No,None,2,16,1
244,21,Male,China,1,1,Autumn,Hostel,Education,0,408.59,4689.16,4,Snowy,8,No,None,9,12,0
245,28,Other,France,2,1,Winter,Hotel,Business,1,203.43,8889.6,3,Sunny,7,Yes,Extensive,6,11,0
246,34,Other,UK,2,11,Winter,Hostel,Business,0,412.46,4605.73,6,Snowy,1,No,Some,4,3,1
247,55,Male,France,1,13,Spring,Airbnb,Business,2,202.38,5603.53,7,Sunny,5,Yes,None,5,7,0
248,41,Male,India,2,2,Autumn,Airbnb,Leisure,2,74.94,4099.37,8,Snowy,9,Yes,Some,10,4,1
249,22,Other,UK,5,11,Autumn,Hostel,Business,2,299.38,4655.16,2,Snowy,6,Yes,Some,5,4,0
250,69,Female,Germany,5,12,Winter,Airbnb,Leisure,1,314.56,250.22,6,Rainy,8,No,Extensive,7,12,0
251,51,Male,Germany,2,12,Spring,Airbnb,Leisure,1,470.54,2909.08,6,Cloudy,1,No,None,9,10,1
252,23,Other,China,1,6,Autumn,Airbnb,Education,0,376.73,4422.16,10,Sunny,7,No,None,7,7,1
253,39,Female,UK,2,9,Winter,Hotel,Education,3,463.0,6374.59,5,Cloudy,3,No,Extensive,9,7,1
254,28,Male,USA,2,4,Summer,Airbnb,Education,0,458.76,4555.51,10,Rainy,9,No,Some,4,0,1
255,65,Female,UK,2,3,Spring,Hotel,Leisure,2,322.06,3444.39,10,Sunny,6,No,Some,10,12,1
256,33,Other,India,3,12,Summer,Hostel,Leisure,0,287.49,3942.18,7,Rainy,5,Yes,None,10,4,1
257,50,Male,USA,5,8,Spring,Airbnb,Leisure,3,300.85,2498.7,3,Cloudy,8,No,Extensive,4,7,1
258,26,Female,Australia,4,11,Winter,Airbnb,Business,1,490.25,9252.49,4,Snowy,8,No,Extensive,6,16,1
259,23,Male,Australia,4,10,Autumn,Airbnb,Leisure,0,397.93,5265.26,10,Rainy,3,No,Some,8,12,1
260,33,Female,Australia,3,14,Autumn,Hostel,Education,2,97.82,232.75,9,Rainy,2,No,Some,9,8,0
261,46,Other,Germany,2,9,Autumn,Hotel,Education,2,400.29,292.52,4,Snowy,2,Yes,Extensive,1,1,1
262,20,Other,UK,3,12,Spring,Hotel,Leisure,1,126.74,9732.32,3,Cloudy,5,Yes,None,1,18,1
263,37,Male,Australia,3,11,Winter,Airbnb,Leisure,0,251.31,2292.36,2,Rainy,7,Yes,Some,8,19,1
264,53,Female,France,1,5,Summer,Hostel,Education,3,144.71,8075.52,5,Cloudy,8,Yes,Extensive,7,16,1
265,36,Male,China,5,9,Winter,Hostel,Leisure,1,360.31,676.93,4,Snowy,8,Yes,Extensive,9,6,1
266,43,Male,France,4,2,Summer,Hostel,Education,0,444.79,9219.51,8,Sunny,8,No,Extensive,3,2,1
267,20,Female,Australia,2,3,Spring,Hostel,Business,4,180.66,8756.73,7,Rainy,3,Yes,None,10,18,1
268,36,Female,China,4,7,Spring,Hostel,Education,2,86.9,5753.82,6,Cloudy,2,Yes,Some,5,18,0
269,37,Female,India,4,7,Summer,Hotel,Business,3,184.32,189.09,2,Snowy,4,No,Some,3,8,0
270,49,Other,France,5,6,Summer,Hotel,Leisure,3,352.56,2652.33,3,Snowy,1,No,Some,5,9,1
271,24,Male,UK,4,6,Summer,Hotel,Leisure,3,197.94,4127.54,10,Rainy,3,Yes,None,10,13,1
272,69,Male,UK,4,2,Winter,Airbnb,Business,2,175.15,4654.63,9,Sunny,9,No,Some,1,17,0
273,58,Other,France,3,10,Summer,Hostel,Leisure,0,133.0,3047.02,9,Rainy,7,No,Some,4,14,0
274,50,Female,Australia,5,6,Spring,Airbnb,Business,1,273.88,426.18,5,Cloudy,7,Yes,Some,6,0,1
275,57,Other,UK,1,4,Spring,Hostel,Leisure,0,174.18,5942.26,3,Snowy,1,No,Some,2,5,1
276,56,Other,India,2,12,Autumn,Hotel,Education,1,378.95,5289.13,2,Sunny,7,Yes,None,7,14,1
277,35,Other,USA,4,3,Summer,Airbnb,Leisure,3,84.48,2901.71,8,Cloudy,7,Yes,Extensive,8,5,1
278,57,Male,Australia,2,13,Winter,Hotel,Education,0,348.81,475.96,6,Rainy,4,No,Extensive,1,17,0
279,18,Other,India,1,11,Winter,Hostel,Education,3,156.9,9946.48,10,Snowy,7,Yes,Some,4,0,1
280,28,Male,China,2,13,Winter,Hostel,Business,4,270.18,4871.66,7,Rainy,8,Yes,Some,4,2,0
281,45,Male,India,1,2,Autumn,Hostel,Leisure,3,178.74,7584.44,1,Sunny,3,No,Some,5,16,0
282,42,Male,Australia,3,1,Spring,Hotel,Business,3,375.25,4577.91,1,Sunny,2,No,None,4,15,1
283,67,Female,China,4,11,Winter,Hostel,Leisure,1,475.39,527.39,10,Sunny,7,No,Some,9,7,1
284,40,Male,Australia,1,11,Spring,Hotel,Education,4,462.68,3165.05,2,Sunny,5,No,None,7,16,0
285,48,Male,UK,2,5,Autumn,Airbnb,Education,3,312.54,3269.09,10,Sunny,5,Yes,Some,2,7,0
286,47,Female,USA,4,2,Summer,Hostel,Leisure,3,258.17,8399.69,3,Rainy,5,No,Some,1,16,1
287,59,Male,Australia,3,2,Summer,Hostel,Leisure,4,418.24,6576.88,1,Sunny,7,No,Extensive,9,8,1
288,52,Other,Australia,4,7,Summer,Hostel,Business,4,357.5,2826.76,5,Sunny,9,Yes,Some,1,11,0
289,24,Other,UK,1,8,Winter,Airbnb,Leisure,0,132.6,9680.63,3,Snowy,8,Yes,None,6,18,1
290,33,Male,Germany,3,13,Summer,Hostel,Leisure,1,419.41,3283.26,1,Sunny,6,Yes,Extensive,2,3,0
291,43,Female,UK,2,10,Winter,Hotel,Leisure,4,243.0,9982.52,8,Snowy,7,Yes,None,4,10,1
292,65,Other,China,3,8,Autumn,Hotel,Business,4,135.04,9962.02,6,Snowy,9,No,Extensive,6,3,1
293,69,Female,UK,3,14,Autumn,Hostel,Leisure,2,176.81,1992.98,9,Snowy,6,No,None,5,13,1
294,66,Female,UK,5,4,Winter,Hostel,Education,4,170.39,3196.14,3,Rainy,1,Yes,Extensive,6,13,1
295,19,Other,USA,3,14,Spring,Airbnb,Business,1,283.64,4911.84,9,Rainy,4,Yes,None,3,5,1
296,18,Female,UK,3,1,Summer,Airbnb,Business,3,155.47,6674.6,9,Cloudy,8,Yes,None,5,16,1
297,65,Other,Australia,4,11,Summer,Airbnb,Education,3,105.6,5327.67,1,Cloudy,7,Yes,Some,2,1,0
298,29,Female,USA,2,7,Summer,Hostel,Education,3,105.66,9697.47,3,Snowy,3,No,Extensive,7,7,0
299,22,Other,France,4,1,Winter,Airbnb,Education,3,312.47,7267.49,6,Rainy,3,Yes,Extensive,3,3,1
300,54,Male,Germany,4,11,Autumn,Airbnb,Leisure,2,380.64,2199.24,8,Sunny,3,No,Some,1,9,0
301,49,Other,USA,1,4,Summer,Hotel,Education,4,194.69,1140.47,4,Cloudy,1,Yes,None,8,6,1
302,26,Other,China,4,8,Autumn,Airbnb,Leisure,3,65.59,6915.17,5,Rainy,1,No,None,8,3,1
303,58,Other,France,5,2,Summer,Hotel,Business,0,107.25,1668.68,9,Sunny,6,No,Extensive,3,15,1
304,52,Other,USA,5,6,Summer,Hotel,Business,3,461.61,7898.0,6,Sunny,1,No,None,7,13,1
305,36,Female,USA,1,13,Winter,Airbnb,Education,4,272.09,3179.26,7,Rainy,5,No,Extensive,9,15,1
306,65,Male,Germany,2,6,Spring,Hotel,Leisure,3,254.11,3336.24,7,Cloudy,4,Yes,Extensive,8,8,1
307,33,Other,Australia,2,12,Winter,Hostel,Education,2,67.12,206.9,4,Rainy,5,No,None,3,3,0
308,20,Female,China,4,9,Summer,Hostel,Education,1,377.89,7040.01,4,Cloudy,7,Yes,None,2,5,1
309,37,Male,India,4,5,Summer,Airbnb,Leisure,1,287.63,1221.37,4,Snowy,6,No,None,10,0,0
310,41,Male,India,4,10,Spring,Hostel,Education,4,140.94,7751.52,5,Rainy,9,No,Some,7,6,0
311,50,Male,USA,2,4,Autumn,Hotel,Business,1,99.53,4969.49,5,Rainy,6,Yes,Extensive,7,0,1
312,41,Male,UK,3,5,Autumn,Hostel,Education,1,222.52,7864.37,8,Cloudy,9,Yes,None,9,18,0
313,69,Other,China,5,12,Summer,Airbnb,Leisure,0,426.72,5880.87,9,Cloudy,4,No,Some,5,7,0
314,28,Other,France,3,12,Autumn,Airbnb,Leisure,4,439.38,916.09,2,Rainy,1,No,None,4,2,0
315,66,Female,UK,3,10,Summer,Hotel,Business,4,321.28,7679.96,7,Sunny,1,Yes,Extensive,8,0,1
316,25,Female,UK,2,11,Spring,Airbnb,Leisure,1,377.39,791.01,1,Sunny,7,No,Some,4,0,1
317,53,Female,China,3,5,Spring,Hostel,Leisure,1,101.82,4839.15,1,Sunny,3,Yes,Extensive,4,6,0
318,55,Male,Australia,1,8,Summer,Airbnb,Business,1,314.66,1806.26,4,Snowy,2,Yes,None,2,12,1
319,57,Male,USA,4,10,Spring,Hotel,Education,2,350.13,7548.12,10,Snowy,6,Yes,None,1,0,0
320,37,Other,USA,1,12,Winter,Airbnb,Business,3,140.32,9124.75,7,Cloudy,6,No,None,4,15,1
321,52,Male,USA,5,8,Winter,Hostel,Education,2,446.07,5585.85,2,Snowy,7,No,Some,7,13,1
322,65,Male,USA,4,2,Spring,Hotel,Business,4,137.75,5318.76,2,Sunny,5,Yes,Some,9,3,1
323,42,Male,India,3,7,Summer,Hostel,Education,0,191.06,7663.24,1,Rainy,8,Yes,Some,9,11,1
324,52,Female,USA,5,8,Summer,Hotel,Business,3,329.25,150.28,10,Snowy,7,Yes,Some,10,11,1
325,42,Female,India,4,11,Spring,Airbnb,Education,0,337.26,9185.81,2,Snowy,2,Yes,None,1,16,0
326,46,Other,India,3,6,Autumn,Hotel,Business,4,364.72,2054.74,7,Sunny,1,No,None,5,14,1
327,35,Male,Australia,1,5,Winter,Hotel,Education,4,100.41,9842.78,9,Snowy,9,Yes,None,7,9,0
328,63,Male,USA,4,11,Autumn,Airbnb,Business,0,432.26,7388.91,6,Cloudy,5,No,Some,7,2,1
329,35,Other,Germany,3,9,Summer,Hostel,Leisure,0,289.78,7765.09,10,Rainy,5,Yes,Some,10,19,0
330,19,Male,France,1,13,Summer,Airbnb,Education,0,262.09,6596.41,2,Sunny,4,No,None,6,19,1
331,52,Male,UK,5,3,Autumn,Hotel,Business,4,491.49,4769.47,10,Cloudy,2,No,None,10,11,0
332,33,Female,India,5,12,Spring,Airbnb,Education,1,383.17,5759.11,10,Sunny,5,No,Some,4,0,0
333,58,Other,China,5,13,Autumn,Hotel,Education,0,103.1,559.39,9,Cloudy,2,No,Extensive,3,0,1
334,53,Other,China,5,13,Autumn,Airbnb,Business,3,390.44,6277.2,7,Rainy,7,No,None,9,9,1
335,50,Other,France,2,10,Winter,Airbnb,Education,4,92.86,6298.37,1,Rainy,9,Yes,None,10,17,1
336,21,Other,China,4,4,Winter,Hostel,Business,2,62.36,8922.89,9,Cloudy,9,Yes,None,4,14,1
337,50,Female,Germany,4,9,Autumn,Hotel,Leisure,2,231.63,5106.0,2,Cloudy,6,No,Some,8,1,1
338,31,Female,China,2,6,Autumn,Hostel,Education,3,497.11,863.73,4,Cloudy,1,Yes,None,1,16,0
339,38,Male,UK,3,8,Summer,Hotel,Leisure,1,128.7,3131.34,9,Cloudy,6,Yes,None,7,7,0
340,65,Male,UK,3,7,Winter,Airbnb,Education,0,352.69,6590.73,4,Cloudy,5,Yes,None,6,8,0
341,37,Male,India,5,11,Winter,Hotel,Education,4,128.03,2468.66,3,Cloudy,4,Yes,None,1,19,1
342,25,Male,USA,1,2,Summer,Hostel,Education,0,376.15,2877.23,1,Rainy,6,Yes,None,4,10,0
343,24,Female,Australia,3,3,Spring,Hostel,Business,4,277.41,8222.64,7,Cloudy,6,Yes,Extensive,5,5,0
344,20,Other,Germany,1,1,Winter,Hostel,Leisure,2,355.99,5884.77,6,Snowy,6,Yes,Extensive,8,13,0
345,34,Female,India,4,9,Winter,Hotel,Education,0,141.29,5134.42,10,Rainy,2,No,None,4,0,0
346,50,Male,Germany,1,13,Spring,Hostel,Business,3,385.53,3252.67,4,Sunny,7,Yes,None,3,6,1
347,65,Female,USA,4,7,Winter,Hostel,Education,1,498.03,7336.19,6,Rainy,4,Yes,None,2,8,0
348,29,Other,China,2,1,Winter,Hostel,Business,3,349.54,2948.41,6,Sunny,9,Yes,None,4,10,1
349,68,Other,China,2,3,Spring,Airbnb,Education,1,272.07,7396.93,4,Sunny,2,No,Some,10,15,1
350,39,Female,Australia,5,4,Spring,Airbnb,Leisure,0,465.43,794.0,6,Snowy,5,No,Some,4,18,1
351,39,Female,USA,3,4,Autumn,Hotel,Leisure,0,57.13,8658.96,10,Cloudy,4,Yes,Some,10,1,0
352,63,Female,India,5,5,Summer,Hotel,Education,1,378.47,5045.71,8,Cloudy,9,No,Extensive,5,14,1
353,47,Male,Australia,4,14,Summer,Hostel,Business,2,449.94,4441.23,3,Rainy,4,No,None,7,2,0
354,55,Female,USA,5,3,Spring,Airbnb,Education,4,77.75,6149.13,4,Cloudy,8,Yes,Some,9,3,1
355,55,Female,France,1,3,Spring,Hostel,Business,3,252.53,6279.5,10,Snowy,8,No,None,2,19,0
356,62,Female,UK,4,1,Winter,Hostel,Education,3,142.12,1407.15,1,Rainy,6,Yes,None,5,6,1
357,68,Other,Australia,2,7,Autumn,Airbnb,Business,3,304.93,7586.71,4,Rainy,6,No,Extensive,10,11,1
358,25,Other,Australia,3,11,Autumn,Airbnb,Leisure,0,342.29,2831.69,10,Rainy,8,Yes,Extensive,9,3,1
359,44,Male,India,4,10,Spring,Airbnb,Education,3,186.18,9059.12,10,Cloudy,9,No,Some,3,9,1
360,44,Male,Germany,4,14,Winter,Hotel,Leisure,4,256.99,8196.72,9,Cloudy,5,Yes,Some,1,5,1
361,51,Other,France,1,1,Winter,Hotel,Leisure,4,175.7,3528.03,8,Cloudy,1,Yes,Extensive,2,13,1
362,38,Other,India,3,2,Summer,Hostel,Education,1,216.23,8096.62,4,Rainy,1,No,Extensive,6,2,0
363,47,Other,USA,2,13,Summer,Hotel,Education,0,121.79,3628.27,7,Rainy,2,Yes,None,5,16,1
364,50,Female,USA,4,4,Winter,Airbnb,Business,4,448.5,1099.38,10,Sunny,5,Yes,None,1,10,1
365,45,Female,USA,4,13,Summer,Airbnb,Business,2,54.5,9622.69,3,Sunny,4,No,Some,1,9,1
366,64,Other,USA,1,4,Spring,Hotel,Leisure,0,447.08,6560.76,9,Cloudy,1,Yes,Some,4,9,0
367,50,Female,Germany,5,5,Winter,Hostel,Business,0,307.26,4615.39,10,Rainy,4,Yes,Extensive,4,9,1
368,22,Female,France,2,11,Summer,Hostel,Business,4,199.25,4037.96,4,Cloudy,4,No,Some,6,2,0
369,65,Male,China,3,2,Autumn,Hotel,Education,2,375.38,3314.58,2,Cloudy,4,Yes,None,6,14,0
370,36,Other,UK,4,4,Winter,Hostel,Business,1,278.49,9816.33,10,Sunny,1,No,Extensive,10,16,0
371,21,Other,Germany,4,1,Winter,Hostel,Leisure,4,274.6,1434.0,5,Snowy,9,Yes,None,6,17,0
372,52,Female,Germany,2,2,Autumn,Hostel,Business,2,99.56,3216.57,2,Cloudy,3,No,Extensive,1,18,1
373,66,Other,China,5,1,Spring,Airbnb,Leisure,0,225.28,4906.43,10,Snowy,4,No,Extensive,10,18,1
374,34,Male,China,4,10,Autumn,Airbnb,Education,2,158.48,4832.2,6,Snowy,5,Yes,None,9,11,0
375,61,Male,UK,2,10,Winter,Hotel,Leisure,0,57.06,4766.53,10,Rainy,7,No,Some,7,4,1
376,45,Male,UK,1,13,Spring,Airbnb,Business,4,212.04,1840.26,1,Rainy,6,Yes,Some,7,15,1
377,47,Other,China,5,4,Summer,Hostel,Education,4,90.42,1534.83,6,Cloudy,5,Yes,Some,7,14,1
378,46,Other,USA,3,4,Summer,Airbnb,Business,3,165.57,2622.2,4,Sunny,8,No,Some,2,14,1
379,63,Other,Germany,4,7,Summer,Hotel,Education,3,91.63,9153.81,3,Sunny,1,Yes,None,2,5,1
380,23,Other,India,2,10,Winter,Airbnb,Education,3,95.42,1219.22,2,Cloudy,7,Yes,Extensive,6,11,0
381,52,Other,UK,1,11,Autumn,Hostel,Business,4,139.56,7598.51,7,Cloudy,6,No,None,7,1,1
382,58,Male,UK,3,11,Spring,Hostel,Business,1,499.93,7599.73,9,Sunny,5,Yes,Some,3,19,1
383,54,Female,China,2,9,Summer,Hotel,Education,4,50.98,8116.73,3,Snowy,7,Yes,Some,4,8,1
384,41,Male,France,2,9,Spring,Airbnb,Education,2,337.4,8877.49,6,Cloudy,3,No,None,3,3,1
385,46,Other,India,3,5,Winter,Airbnb,Business,4,113.56,2704.06,9,Snowy,1,Yes,Extensive,7,4,1
386,66,Male,India,1,10,Summer,Airbnb,Leisure,4,464.28,2323.14,2,Cloudy,9,Yes,None,7,7,1
387,63,Other,UK,1,1,Winter,Hostel,Business,0,92.13,4708.51,7,Cloudy,2,No,None,4,9,0
388,48,Other,USA,5,1,Autumn,Hotel,Education,0,479.78,2724.38,5,Snowy,3,Yes,None,7,6,0
389,52,Male,France,4,6,Winter,Airbnb,Business,0,324.92,7369.67,5,Snowy,8,Yes,Extensive,5,13,1
390,50,Other,India,3,2,Winter,Hostel,Leisure,4,50.57,6395.8,7,Sunny,9,No,None,1,4,1
391,69,Female,UK,3,8,Autumn,Hostel,Business,1,452.3,8762.38,9,Cloudy,3,Yes,None,10,15,1
392,38,Other,India,3,13,Spring,Hostel,Education,2,284.77,919.11,4,Rainy,6,Yes,Some,4,14,1
393,49,Female,Australia,1,9,Autumn,Airbnb,Business,2,168.2,9159.33,9,Rainy,7,No,None,7,4,1
394,40,Female,France,4,13,Autumn,Airbnb,Education,1,395.28,3004.15,10,Cloudy,1,No,Some,2,2,1
395,50,Other,France,5,4,Winter,Airbnb,Education,1,467.0,4957.87,9,Cloudy,7,Yes,Some,2,9,1
396,20,Male,Australia,2,5,Spring,Airbnb,Business,2,267.66,4442.25,4,Cloudy,4,Yes,Some,1,4,0
397,35,Female,Germany,2,11,Summer,Airbnb,Education,3,192.0,7627.09,3,Snowy,5,No,Extensive,2,14,1
398,42,Male,Australia,3,8,Autumn,Airbnb,Education,0,405.03,4261.3,2,Rainy,8,Yes,Some,10,17,1
399,59,Female,China,4,3,Spring,Airbnb,Leisure,0,356.8,9441.18,9,Rainy,4,Yes,None,8,7,0
400,48,Other,China,1,5,Autumn,Airbnb,Leisure,2,449.94,9035.09,2,Rainy,4,Yes,None,8,1,0
401,20,Other,UK,4,3,Autumn,Airbnb,Leisure,1,361.63,8734.4,6,Cloudy,8,No,Some,8,7,1
402,57,Female,France,4,12,Autumn,Hostel,Leisure,3,159.59,805.46,5,Snowy,5,Yes,Some,1,7,0
403,63,Other,Germany,1,10,Autumn,Airbnb,Education,2,469.25,8557.15,5,Cloudy,6,Yes,None,1,3,1
404,41,Female,Germany,3,3,Winter,Hotel,Business,0,97.18,7838.19,4,Sunny,5,No,Some,10,18,1
405,67,Other,India,4,3,Spring,Hostel,Education,4,170.57,1124.78,6,Sunny,1,No,Extensive,4,17,1
406,49,Male,India,2,13,Spring,Airbnb,Education,1,284.09,1163.4,5,Rainy,7,No,Some,6,0,1
407,64,Other,Australia,1,12,Spring,Hotel,Education,4,304.58,1101.52,4,Cloudy,6,Yes,Extensive,8,19,1
408,39,Male,Germany,5,7,Autumn,Airbnb,Business,2,56.89,212.19,9,Sunny,2,Yes,Extensive,2,14,1
409,40,Other,Australia,3,7,Winter,Hotel,Leisure,0,401.26,5531.48,6,Sunny,7,No,Extensive,3,17,1
410,19,Male,Australia,1,7,Autumn,Hotel,Education,3,212.72,9736.6,10,Cloudy,6,Yes,Some,6,11,1
411,44,Other,India,5,10,Autumn,Hotel,Education,4,232.89,4442.98,10,Snowy,5,Yes,Extensive,10,0,1
412,59,Male,France,5,8,Spring,Hotel,Leisure,3,414.22,5453.5,10,Cloudy,8,Yes,Extensive,4,6,1
413,19,Female,Australia,4,5,Autumn,Hostel,Education,0,220.68,9682.9,3,Cloudy,5,Yes,Some,2,18,0
414,43,Female,USA,4,5,Summer,Hostel,Business,4,71.25,2626.3,10,Snowy,2,No,Extensive,7,0,1
415,34,Male,France,4,14,Autumn,Hotel,Education,3,129.4,8598.86,6,Rainy,6,No,Some,4,6,1
416,57,Other,Germany,1,4,Summer,Airbnb,Education,3,480.16,5509.27,1,Rainy,1,Yes,None,8,1,0
417,50,Male,Germany,1,7,Autumn,Hotel,Leisure,4,81.68,5737.82,5,Rainy,5,No,Extensive,8,6,0
418,26,Other,Australia,3,10,Winter,Hostel,Education,0,209.72,3497.42,10,Snowy,6,Yes,Some,7,18,0
419,60,Female,France,4,4,Winter,Airbnb,Education,3,276.43,5659.69,6,Sunny,7,Yes,None,10,12,1
420,65,Other,India,5,2,Spring,Hostel,Business,2,271.98,824.11,8,Snowy,2,No,Extensive,9,4,1
421,56,Female,India,2,4,Autumn,Hostel,Leisure,4,51.78,7669.97,9,Cloudy,1,No,Extensive,4,18,0
422,46,Other,China,3,13,Summer,Airbnb,Leisure,1,275.52,2918.41,3,Snowy,6,Yes,Some,7,0,1
423,59,Other,Germany,1,13,Summer,Hotel,Business,1,222.7,8887.32,2,Sunny,3,Yes,None,10,0,1
424,43,Other,UK,3,8,Autumn,Hotel,Education,0,487.44,3741.72,4,Sunny,5,Yes,Some,10,17,0
425,52,Male,China,3,9,Summer,Hotel,Leisure,2,121.62,1513.96,8,Cloudy,2,Yes,Extensive,1,0,1
426,67,Male,India,3,3,Winter,Hotel,Leisure,3,209.37,6989.23,8,Rainy,1,No,Extensive,4,4,1
427,42,Female,France,3,7,Summer,Airbnb,Education,1,238.77,1729.32,3,Sunny,1,No,Extensive,2,8,1
428,41,Female,India,2,14,Spring,Airbnb,Education,0,225.81,7561.44,4,Sunny,4,Yes,Extensive,9,11,0
429,30,Male,France,4,12,Winter,Airbnb,Leisure,2,349.62,9684.31,3,Sunny,2,Yes,None,5,8,0
430,24,Female,China,5,14,Winter,Hostel,Education,2,146.98,7817.57,10,Cloudy,1,No,None,3,17,0
431,53,Male,Germany,3,9,Winter,Airbnb,Leisure,0,149.48,322.25,2,Sunny,6,Yes,Some,4,10,1
432,62,Other,India,3,11,Autumn,Hotel,Education,0,378.14,6038.87,4,Rainy,4,No,Some,6,0,1
433,37,Female,Australia,3,4,Autumn,Hostel,Education,3,275.13,6984.57,6,Cloudy,7,Yes,Some,10,18,1
434,18,Female,France,4,10,Winter,Hotel,Business,0,236.82,8272.04,5,Rainy,6,No,Extensive,1,9,1
435,25,Male,Germany,1,3,Autumn,Hotel,Education,3,126.14,654.42,3,Sunny,5,Yes,Some,7,1,0
436,63,Female,UK,1,5,Summer,Airbnb,Business,3,134.39,4853.07,2,Sunny,2,Yes,None,8,6,1
437,33,Female,France,2,1,Autumn,Airbnb,Education,4,54.75,5400.17,9,Rainy,5,Yes,Some,7,19,1
438,31,Other,China,1,3,Autumn,Hotel,Leisure,2,91.14,1774.34,1,Cloudy,9,No,Some,7,1,1
439,29,Female,UK,3,8,Winter,Hotel,Leisure,2,300.58,3292.25,9,Cloudy,9,No,None,9,18,1
440,68,Other,UK,3,11,Spring,Hostel,Education,2,451.34,4458.2,1,Rainy,2,Yes,None,4,5,1
441,40,Male,USA,3,8,Spring,Airbnb,Education,4,179.22,8348.78,7,Sunny,7,Yes,Extensive,7,9,0
442,32,Female,India,2,13,Spring,Hostel,Leisure,3,197.49,9301.13,6,Snowy,4,Yes,None,9,8,0
443,45,Other,France,3,4,Summer,Hostel,Education,3,102.02,6321.39,7,Rainy,3,Yes,None,5,7,0
444,51,Male,UK,1,2,Autumn,Hostel,Business,0,224.88,4009.96,3,Rainy,1,No,Some,2,10,0
445,19,Female,USA,4,13,Spring,Hotel,Business,4,66.75,2614.91,3,Rainy,3,No,None,5,8,1
446,49,Male,China,4,8,Winter,Hostel,Business,0,462.92,9823.14,1,Sunny,9,No,Extensive,4,19,0
447,40,Female,Germany,5,8,Spring,Hostel,Business,4,352.9,9831.9,4,Cloudy,9,Yes,Some,8,19,0
448,39,Male,Australia,1,10,Spring,Hotel,Business,0,495.84,9257.27,2,Sunny,7,Yes,Extensive,5,8,1
449,68,Male,Australia,3,4,Autumn,Airbnb,Education,1,447.27,7878.12,10,Rainy,3,No,None,9,7,1
450,42,Other,France,4,3,Autumn,Airbnb,Education,2,262.85,3325.22,8,Sunny,3,Yes,Extensive,9,14,1
451,39,Male,UK,1,2,Autumn,Hostel,Business,2,283.86,8188.3,3,Sunny,4,No,Extensive,3,1,1
452,39,Female,Australia,4,9,Summer,Hotel,Education,3,135.76,4147.05,7,Rainy,7,No,None,10,0,1
453,66,Female,India,3,1,Summer,Airbnb,Education,1,257.92,3335.05,7,Sunny,7,No,None,6,8,1
454,69,Other,Australia,4,7,Spring,Hostel,Business,2,456.36,7474.17,9,Snowy,2,No,Some,6,8,0
455,59,Female,Australia,5,5,Autumn,Hostel,Education,3,72.88,888.57,6,Sunny,5,Yes,Some,4,12,1
456,23,Female,Australia,5,8,Spring,Hotel,Education,1,438.6,580.77,1,Sunny,7,No,Some,10,7,1
457,32,Female,USA,4,4,Winter,Hostel,Education,2,203.43,4534.74,8,Cloudy,7,Yes,None,3,4,1
458,60,Male,UK,1,7,Winter,Airbnb,Business,0,454.78,4511.82,1,Cloudy,6,No,Extensive,1,2,0
459,54,Male,India,1,13,Autumn,Hotel,Education,4,473.4,8966.88,3,Rainy,8,No,Extensive,7,3,1
460,50,Female,UK,1,5,Autumn,Airbnb,Leisure,1,351.89,1348.92,5,Rainy,3,No,Some,5,16,0
461,25,Other,France,4,14,Winter,Airbnb,Leisure,3,348.99,1320.51,8,Cloudy,1,No,Some,10,15,1
462,61,Male,France,1,5,Autumn,Airbnb,Business,1,253.74,1559.78,9,Snowy,3,Yes,None,7,15,1
463,61,Other,France,3,14,Summer,Hostel,Leisure,3,425.99,394.39,7,Sunny,2,Yes,Extensive,1,19,1
464,22,Female,China,5,9,Summer,Hostel,Business,1,482.73,810.14,9,Snowy,2,Yes,Some,8,2,1
465,56,Female,Australia,3,9,Autumn,Airbnb,Leisure,3,398.79,6632.71,3,Snowy,2,Yes,None,3,5,1
466,21,Male,China,1,13,Winter,Airbnb,Leisure,2,329.87,4372.68,5,Cloudy,5,No,Some,7,0,1
467,23,Female,USA,3,9,Spring,Hotel,Leisure,0,323.06,7659.67,10,Rainy,1,Yes,None,3,15,1
468,62,Male,France,1,12,Autumn,Hotel,Business,2,432.26,9926.72,8,Sunny,4,Yes,Extensive,3,14,1
469,49,Female,India,4,6,Autumn,Hostel,Business,0,293.54,6624.44,1,Rainy,5,No,None,10,6,0
470,69,Female,UK,3,6,Spring,Hostel,Education,2,411.74,599.51,8,Snowy,2,Yes,Some,9,1,1
471,47,Male,Australia,4,5,Autumn,Hotel,Business,2,279.0,1135.17,7,Snowy,5,Yes,Some,2,9,0
472,64,Male,Germany,4,9,Spring,Airbnb,Leisure,1,78.1,8821.94,1,Rainy,4,Yes,Extensive,4,14,1
473,52,Male,India,2,10,Winter,Hostel,Leisure,4,222.78,5322.21,10,Rainy,8,Yes,Extensive,6,5,1
474,57,Female,Australia,1,8,Summer,Airbnb,Business,3,250.0,8265.89,10,Cloudy,1,No,Some,3,1,1
475,69,Female,China,5,7,Winter,Hotel,Business,3,113.73,8580.46,6,Rainy,5,No,Some,10,16,1
476,33,Other,China,1,7,Summer,Hostel,Business,3,96.12,9283.98,1,Rainy,1,Yes,Some,10,0,0
477,30,Male,India,5,6,Spring,Hostel,Education,0,290.96,9503.31,2,Cloudy,4,No,Extensive,7,0,0
478,67,Female,China,1,5,Summer,Hotel,Leisure,3,88.31,5592.78,5,Rainy,8,Yes,Some,7,3,1
479,59,Female,France,4,13,Winter,Hostel,Education,3,186.33,3476.1,2,Snowy,1,Yes,Extensive,5,19,0
480,47,Male,USA,3,4,Summer,Hotel,Education,1,385.07,9622.46,10,Rainy,2,Yes,Some,3,15,1
481,36,Other,UK,3,3,Spring,Hostel,Leisure,2,483.99,5519.32,1,Sunny,1,No,None,2,7,0
482,34,Male,USA,2,3,Summer,Hotel,Leisure,3,373.04,736.1,6,Snowy,7,No,None,4,0,1
483,36,Other,Australia,5,6,Autumn,Hostel,Business,4,496.68,6463.49,8,Cloudy,2,No,Some,4,18,0
484,45,Female,UK,5,4,Winter,Airbnb,Business,3,364.25,5918.08,8,Snowy,1,No,None,8,10,1
485,43,Other,UK,5,12,Autumn,Airbnb,Education,0,182.21,8968.35,8,Cloudy,6,No,Extensive,8,16,1
486,54,Female,USA,4,12,Spring,Airbnb,Business,0,352.42,6566.55,6,Sunny,6,No,None,5,9,1
487,43,Male,India,5,6,Summer,Hostel,Business,0,365.97,3555.62,3,Sunny,2,Yes,None,6,11,0
488,40,Male,UK,3,3,Autumn,Hostel,Leisure,3,217.28,9665.63,1,Snowy,1,No,Extensive,8,8,1
489,26,Male,USA,4,4,Autumn,Airbnb,Leisure,1,57.97,8036.03,2,Rainy,3,Yes,None,1,6,0
490,29,Other,UK,1,9,Summer,Airbnb,Business,4,366.44,6341.13,5,Snowy,5,Yes,None,5,11,1
491,18,Female,Germany,5,5,Summer,Hotel,Leisure,3,59.77,2999.96,10,Snowy,6,No,Some,4,14,1
492,18,Male,India,5,13,Winter,Hotel,Business,1,334.03,3798.05,5,Sunny,3,Yes,Extensive,4,7,1
493,64,Male,France,1,7,Autumn,Hotel,Leisure,1,123.63,6732.7,10,Cloudy,9,Yes,Extensive,2,16,1
494,51,Female,UK,5,10,Autumn,Airbnb,Leisure,3,304.52,812.61,1,Snowy,5,Yes,Some,10,4,1
495,49,Male,Germany,1,2,Spring,Airbnb,Leisure,3,276.76,2641.14,1,Rainy,2,No,Some,1,13,1
496,65,Female,France,4,14,Winter,Airbnb,Leisure,1,56.08,7167.62,9,Sunny,6,No,None,6,1,1
497,42,Female,France,3,14,Spring,Hotel,Business,1,213.29,4852.18,2,Snowy,8,Yes,None,7,15,1
498,57,Female,Australia,1,5,Autumn,Hostel,Education,1,320.49,4083.7,7,Snowy,6,No,None,5,16,1
499,62,Female,UK,2,9,Spring,Airbnb,Leisure,3,431.87,1599.43,10,Rainy,4,Yes,Some,8,2,1
500,18,Female,USA,1,11,Autumn,Hostel,Business,1,449.89,4474.31,4,Snowy,6,No,Extensive,9,0,0
501,33,Other,UK,5,3,Autumn,Hostel,Business,0,267.73,7729.85,7,Snowy,8,Yes,None,2,17,1
502,56,Male,Germany,4,14,Spring,Hostel,Leisure,3,377.79,2713.73,8,Snowy,8,Yes,Some,4,17,1
503,22,Other,France,4,9,Spring,Hotel,Education,0,192.4,153.45,5,Snowy,2,No,Extensive,9,3,0
504,39,Male,UK,1,14,Summer,Hostel,Leisure,2,203.98,6718.2,1,Rainy,8,No,Some,5,14,0
505,46,Other,USA,3,11,Summer,Airbnb,Business,3,137.51,9729.0,4,Snowy,6,No,None,3,18,1
506,20,Female,Australia,2,6,Summer,Hotel,Education,2,302.88,6107.58,10,Snowy,2,No,Some,6,18,1
507,29,Male,UK,4,4,Autumn,Airbnb,Business,1,191.55,1287.23,3,Snowy,1,No,Some,3,9,1
508,43,Male,India,5,7,Spring,Airbnb,Leisure,1,87.97,3275.26,10,Sunny,6,Yes,Some,5,4,1
509,33,Other,Australia,5,8,Winter,Hotel,Education,4,358.25,8689.65,5,Rainy,7,Yes,Some,3,18,1
510,68,Other,USA,3,6,Autumn,Airbnb,Business,1,368.49,2402.42,10,Sunny,5,Yes,Extensive,6,10,1
511,54,Male,Germany,4,5,Winter,Airbnb,Business,2,212.0,6116.19,10,Sunny,8,No,None,10,6,1
512,39,Other,France,1,6,Spring,Hotel,Business,1,84.53,4086.44,6,Rainy,9,No,Extensive,5,4,1
513,46,Other,UK,5,5,Autumn,Airbnb,Leisure,3,241.83,2157.65,2,Sunny,4,Yes,Some,9,19,0
514,31,Other,USA,3,8,Winter,Hostel,Education,1,249.05,8152.73,7,Sunny,7,Yes,Some,3,11,1
515,45,Female,Australia,4,1,Winter,Airbnb,Leisure,4,350.9,7454.03,3,Sunny,8,Yes,None,6,18,0
516,22,Female,India,4,11,Summer,Hostel,Leisure,1,191.94,6649.75,1,Rainy,6,Yes,None,8,14,1
517,64,Other,USA,4,7,Summer,Airbnb,Leisure,2,357.17,2439.73,10,Snowy,2,No,Extensive,7,11,1
518,66,Other,China,4,10,Summer,Hotel,Education,2,442.17,1068.78,3,Cloudy,7,Yes,Extensive,6,3,0
519,47,Female,India,4,10,Autumn,Hotel,Leisure,1,156.87,5803.98,9,Cloudy,9,No,None,2,11,1
520,63,Female,Australia,5,11,Spring,Airbnb,Leisure,2,490.51,5581.41,10,Rainy,5,Yes,Extensive,7,17,1
521,69,Male,Germany,3,2,Spring,Hotel,Leisure,2,223.87,1965.01,6,Cloudy,2,No,Some,8,16,1
522,22,Male,France,4,14,Summer,Airbnb,Leisure,4,170.27,656.84,6,Rainy,4,No,Some,1,18,1
523,29,Female,Australia,2,9,Summer,Hotel,Business,3,239.68,899.01,4,Rainy,3,No,None,9,15,1
524,33,Other,Germany,2,1,Summer,Hostel,Leisure,4,92.48,9928.43,8,Cloudy,4,No,Extensive,4,10,1
525,43,Other,UK,3,11,Winter,Airbnb,Business,0,106.57,7857.48,5,Sunny,7,Yes,Some,8,1,1
526,43,Other,USA,1,10,Summer,Hostel,Leisure,4,236.5,9227.68,7,Snowy,8,Yes,None,10,15,1
527,65,Other,China,1,6,Winter,Hostel,Education,1,393.1,2031.04,9,Cloudy,1,Yes,Extensive,7,0,1
528,38,Male,India,1,9,Spring,Airbnb,Business,3,455.14,9609.63,5,Cloudy,8,No,Some,10,16,1
529,56,Female,India,2,1,Autumn,Hostel,Business,1,349.17,1512.28,5,Cloudy,5,Yes,Extensive,7,17,0
530,53,Other,USA,1,4,Autumn,Airbnb,Business,0,97.35,5139.91,4,Cloudy,7,Yes,Extensive,2,12,1
531,50,Male,China,5,4,Autumn,Hostel,Business,3,352.41,8313.99,6,Rainy,1,Yes,Extensive,1,4,1
532,47,Other,USA,4,9,Autumn,Airbnb,Education,2,335.94,3563.05,2,Rainy,2,No,None,4,5,1
533,54,Female,UK,2,11,Winter,Airbnb,Leisure,4,412.59,4305.8,3,Snowy,1,No,Some,2,0,1
534,40,Male,Germany,3,5,Winter,Hotel,Business,1,421.36,1369.03,1,Snowy,5,No,None,8,9,1
535,27,Female,Australia,3,5,Summer,Airbnb,Education,0,440.69,1316.93,2,Cloudy,6,Yes,Some,10,4,0
536,22,Female,India,4,6,Winter,Airbnb,Business,2,236.36,6233.73,2,Cloudy,9,Yes,Some,7,0,1
537,53,Male,UK,2,1,Summer,Hostel,Leisure,4,364.04,6787.77,8,Cloudy,8,Yes,None,8,10,1
538,51,Male,Germany,1,1,Summer,Airbnb,Business,2,170.71,7795.59,8,Snowy,7,No,None,6,6,1
539,69,Male,UK,1,9,Autumn,Hotel,Education,4,499.7,5611.15,2,Cloudy,5,Yes,Some,1,17,0
540,48,Male,China,5,3,Winter,Hostel,Leisure,3,128.9,6493.02,6,Sunny,3,No,Some,9,19,1
541,27,Male,India,5,4,Winter,Hostel,Education,2,54.55,233.82,5,Snowy,9,No,Some,6,9,1
542,36,Male,Australia,1,1,Summer,Hotel,Leisure,2,116.96,1705.49,3,Sunny,5,No,Extensive,10,14,0
543,49,Male,USA,3,9,Summer,Hostel,Leisure,2,399.14,9850.66,5,Cloudy,3,No,Some,1,3,1
544,18,Other,USA,3,8,Spring,Hostel,Leisure,3,251.05,852.34,5,Rainy,3,Yes,None,1,15,0
545,22,Female,Germany,5,2,Spring,Hostel,Business,0,251.38,6820.0,5,Sunny,3,Yes,None,8,14,1
546,62,Male,Australia,4,8,Summer,Hostel,Education,4,479.76,1843.22,3,Snowy,6,No,None,6,14,1
547,21,Other,France,1,7,Spring,Hotel,Education,2,463.84,7195.51,3,Sunny,1,Yes,Some,8,11,0
548,33,Other,China,5,11,Spring,Hotel,Education,3,190.04,7089.3,4,Snowy,4,No,Some,8,7,0
549,41,Other,Germany,5,6,Summer,Hostel,Leisure,0,144.08,2418.57,7,Cloudy,8,Yes,Extensive,8,7,1
550,33,Female,France,1,1,Summer,Hostel,Business,4,431.82,2769.38,2,Sunny,3,Yes,Extensive,10,17,1
551,19,Male,UK,1,7,Winter,Hotel,Leisure,3,457.71,6582.23,10,Rainy,5,No,None,7,5,1
552,66,Other,China,3,10,Summer,Hotel,Education,4,293.72,3961.85,4,Sunny,2,No,Extensive,7,4,1
553,45,Female,UK,4,7,Summer,Hotel,Business,2,333.24,2026.02,4,Rainy,2,No,Extensive,10,1,1
554,49,Female,Australia,4,13,Autumn,Hostel,Business,0,165.61,7343.63,1,Snowy,7,No,None,4,11,0
555,44,Female,India,1,14,Winter,Hostel,Business,3,410.36,1626.06,10,Cloudy,3,Yes,Some,9,3,1
556,37,Other,China,2,9,Winter,Airbnb,Education,0,334.46,8570.87,8,Cloudy,5,No,Extensive,2,12,1
557,41,Male,France,5,1,Winter,Hotel,Business,2,276.58,5195.23,1,Rainy,3,Yes,Some,9,16,1
558,29,Other,India,5,2,Autumn,Hostel,Business,0,77.05,1146.44,8,Snowy,6,No,None,10,15,1
559,67,Other,USA,1,11,Summer,Hotel,Leisure,0,462.17,6971.32,7,Cloudy,3,Yes,None,3,8,0
560,52,Male,France,2,9,Winter,Hostel,Leisure,1,326.95,5239.71,9,Snowy,8,No,Extensive,2,0,0
561,50,Male,Germany,3,13,Winter,Hotel,Business,0,136.71,3050.77,8,Rainy,2,Yes,None,4,14,1
562,50,Male,USA,1,9,Spring,Hostel,Business,4,322.87,4283.14,5,Rainy,3,Yes,None,5,11,1
563,68,Female,USA,1,13,Winter,Airbnb,Leisure,3,354.86,3053.54,8,Sunny,8,Yes,None,2,4,1
564,60,Male,Germany,5,6,Summer,Airbnb,Leisure,1,286.6,2703.96,10,Cloudy,8,No,Extensive,1,17,1
565,54,Other,China,1,6,Summer,Hotel,Leisure,3,373.15,1719.72,3,Cloudy,1,No,Extensive,10,19,1
566,29,Male,USA,1,4,Spring,Hostel,Education,3,311.65,3691.39,10,Sunny,8,No,Extensive,5,1,1
567,20,Other,Australia,1,4,Winter,Hostel,Education,2,476.5,2584.77,7,Rainy,2,No,None,9,3,1
568,18,Female,France,5,5,Winter,Hotel,Leisure,2,74.16,6866.0,4,Rainy,7,Yes,Some,5,14,0
569,50,Other,India,3,3,Winter,Hostel,Business,1,97.81,6870.38,5,Rainy,6,Yes,None,10,5,0
570,57,Other,USA,3,1,Autumn,Hotel,Leisure,2,128.15,5068.22,9,Rainy,2,Yes,Extensive,9,11,1
571,27,Male,France,1,1,Winter,Hostel,Education,2,360.58,7801.65,7,Snowy,5,No,Some,10,17,1
572,60,Male,UK,5,12,Summer,Hotel,Business,2,340.52,8429.26,4,Cloudy,7,Yes,Some,6,19,1
573,61,Other,France,3,13,Summer,Hostel,Education,3,451.43,5839.69,6,Cloudy,8,Yes,Extensive,3,3,1
574,46,Male,India,3,7,Autumn,Hotel,Business,1,379.79,6227.46,10,Rainy,3,No,Some,4,0,1
575,30,Female,France,3,1,Autumn,Hostel,Education,3,278.76,2900.57,7,Rainy,1,No,Some,4,14,0
576,29,Female,Germany,5,1,Winter,Airbnb,Business,4,496.32,8959.21,10,Rainy,7,Yes,Extensive,1,17,1
577,48,Male,India,5,3,Spring,Hostel,Business,3,169.75,339.64,9,Cloudy,5,No,Some,3,13,0
578,63,Female,China,1,10,Autumn,Hotel,Business,4,424.94,3551.16,4,Cloudy,5,No,Some,3,2,0
579,19,Male,UK,4,4,Autumn,Airbnb,Business,0,242.06,7245.82,10,Rainy,7,No,Extensive,1,14,1
580,68,Other,Germany,3,4,Winter,Hostel,Education,0,341.93,892.89,3,Snowy,1,No,Some,9,4,0
581,67,Other,China,4,2,Winter,Airbnb,Education,4,377.27,1913.38,8,Sunny,8,Yes,Some,1,2,1
582,52,Female,France,5,1,Autumn,Hostel,Business,4,335.19,5933.93,1,Sunny,5,Yes,Some,9,6,0
583,40,Male,India,5,3,Spring,Airbnb,Business,3,113.23,5643.94,9,Sunny,8,Yes,Some,1,5,0
584,34,Male,UK,5,11,Autumn,Hotel,Education,4,249.33,7415.39,1,Cloudy,5,Yes,Extensive,2,0,1
585,43,Female,Germany,4,4,Winter,Hostel,Business,1,302.65,8144.87,2,Cloudy,7,Yes,None,2,18,1
586,25,Other,China,5,3,Winter,Hostel,Business,0,432.07,1372.94,8,Sunny,3,No,None,6,6,0
587,46,Female,China,1,8,Autumn,Hotel,Business,0,249.64,281.97,9,Sunny,2,Yes,Some,7,3,0
588,43,Other,UK,5,14,Spring,Airbnb,Leisure,4,463.44,6927.42,7,Snowy,6,Yes,Extensive,1,11,1
589,27,Male,Australia,2,10,Autumn,Hotel,Business,2,248.17,3083.78,3,Cloudy,5,No,Extensive,3,19,1
590,43,Other,France,4,1,Autumn,Hotel,Leisure,2,296.95,6297.24,7,Cloudy,9,No,Some,2,17,1
591,51,Female,UK,2,14,Winter,Airbnb,Business,4,408.33,1590.39,6,Sunny,4,No,None,8,8,1
592,68,Male,China,5,2,Spring,Hotel,Education,1,312.38,4743.5,2,Snowy,3,Yes,Some,9,18,0
593,58,Female,USA,1,13,Summer,Hostel,Leisure,2,482.1,5093.8,3,Snowy,9,No,Extensive,2,3,1
594,24,Female,Germany,3,7,Spring,Hostel,Leisure,4,347.15,5892.27,10,Sunny,8,No,Extensive,2,0,1
595,21,Other,UK,5,4,Autumn,Hostel,Business,1,285.22,5180.38,10,Sunny,6,No,None,10,8,1
596,67,Female,Australia,1,8,Autumn,Hotel,Business,1,60.62,5007.34,5,Cloudy,1,Yes,Extensive,9,14,0
597,62,Other,China,4,11,Autumn,Hostel,Leisure,3,236.18,3394.07,10,Sunny,1,No,Extensive,4,7,1
598,28,Male,France,2,13,Spring,Hostel,Education,1,184.66,804.68,4,Rainy,6,No,Extensive,5,14,0
599,46,Other,China,2,3,Winter,Hostel,Education,2,386.65,986.25,2,Snowy,3,Yes,None,9,14,0
600,53,Male,France,2,6,Autumn,Hostel,Business,2,143.72,4394.4,4,Sunny,3,No,Extensive,6,17,0
601,42,Other,UK,4,9,Autumn,Hostel,Education,4,142.35,3622.35,8,Rainy,6,Yes,Some,10,6,0
602,38,Female,France,1,1,Spring,Hostel,Education,4,135.28,5209.73,5,Snowy,3,Yes,None,9,17,1
603,53,Other,India,4,1,Summer,Hotel,Business,1,106.53,3117.9,5,Rainy,6,No,Some,9,15,1
604,27,Other,India,2,8,Summer,Hostel,Education,0,189.95,6910.31,10,Rainy,5,Yes,Some,7,1,0
605,54,Male,India,5,3,Winter,Hostel,Business,3,448.66,8653.15,3,Sunny,4,No,None,10,3,1
606,26,Female,Australia,3,5,Winter,Airbnb,Leisure,0,398.72,3058.75,8,Snowy,8,No,Some,9,19,1
607,41,Other,Australia,4,1,Autumn,Hotel,Business,1,380.86,2010.54,6,Rainy,2,No,None,5,15,1
608,52,Female,USA,4,5,Spring,Hotel,Leisure,1,408.8,1250.19,2,Cloudy,7,No,Some,5,2,1
609,66,Other,Australia,1,11,Autumn,Hotel,Leisure,0,171.24,6200.92,2,Snowy,4,Yes,None,8,1,0
610,52,Other,UK,1,6,Winter,Hotel,Education,3,449.35,4494.17,9,Cloudy,2,No,Extensive,10,2,1
611,65,Female,China,4,8,Spring,Hostel,Education,0,111.79,1961.36,7,Sunny,7,No,Extensive,4,4,1
612,53,Other,China,2,13,Spring,Hostel,Education,4,201.36,6566.05,10,Cloudy,1,No,Some,9,1,1
613,35,Female,USA,3,14,Winter,Airbnb,Business,2,314.04,1569.98,9,Snowy,4,Yes,Extensive,7,18,1
614,66,Other,Australia,1,3,Summer,Airbnb,Education,4,96.31,5587.58,6,Rainy,9,Yes,None,7,19,1
615,56,Male,France,2,3,Summer,Hotel,Leisure,2,378.56,5318.77,5,Rainy,4,No,Some,3,1,1
616,49,Female,USA,5,12,Spring,Airbnb,Education,1,224.26,7368.86,1,Snowy,3,Yes,Extensive,4,1,0
617,41,Other,France,1,11,Autumn,Airbnb,Education,3,402.98,645.59,6,Rainy,2,Yes,Extensive,7,19,1
618,40,Other,France,2,11,Summer,Hotel,Business,0,271.8,8889.94,6,Cloudy,3,No,Some,5,17,0
619,49,Male,Germany,2,10,Autumn,Hotel,Business,3,131.39,7059.62,3,Rainy,1,No,Extensive,3,19,1
620,54,Female,China,3,9,Summer,Airbnb,Leisure,0,380.64,2239.65,3,Rainy,8,No,Extensive,1,13,0
621,29,Other,India,3,4,Summer,Hostel,Business,4,163.46,1915.71,3,Cloudy,1,No,Some,7,14,1
622,66,Male,Australia,5,4,Autumn,Airbnb,Education,4,270.86,4373.44,3,Cloudy,3,No,Extensive,6,11,1
623,30,Other,France,2,12,Winter,Airbnb,Business,0,83.99,8193.9,7,Cloudy,3,Yes,Extensive,10,10,1
624,40,Female,Germany,2,7,Summer,Hostel,Leisure,3,328.04,8445.2,10,Sunny,2,No,Extensive,7,10,1
625,42,Other,China,3,2,Summer,Hostel,Education,0,349.64,5252.52,2,Cloudy,5,No,Extensive,2,6,1
626,52,Other,India,1,8,Autumn,Hotel,Leisure,1,220.4,8622.03,10,Cloudy,3,No,Some,4,11,1
627,58,Other,France,1,6,Winter,Hotel,Business,4,479.49,153.89,10,Sunny,3,No,None,2,15,1
628,47,Other,France,4,3,Summer,Airbnb,Business,1,443.38,448.23,2,Rainy,8,No,None,8,4,1
629,34,Male,USA,3,9,Summer,Hostel,Leisure,4,368.57,9127.03,3,Cloudy,4,Yes,Extensive,7,1,1
630,66,Male,USA,4,5,Winter,Hotel,Education,4,371.14,7775.79,10,Snowy,4,No,Extensive,1,15,1
631,37,Female,China,3,8,Summer,Airbnb,Business,2,163.58,4561.99,7,Cloudy,3,Yes,None,2,14,1
632,65,Male,India,5,7,Winter,Hostel,Business,1,345.57,7560.74,3,Cloudy,1,No,Extensive,2,10,0
633,42,Male,France,2,14,Winter,Airbnb,Education,1,139.19,9560.83,7,Sunny,8,No,None,4,5,1
634,39,Female,China,5,8,Autumn,Hotel,Business,2,114.8,7743.69,9,Snowy,1,No,Some,3,12,1
635,30,Male,China,3,7,Spring,Hotel,Leisure,3,499.76,8439.48,10,Rainy,7,Yes,Some,1,18,1
636,36,Male,UK,2,3,Winter,Hostel,Business,1,330.07,7630.01,4,Rainy,5,No,Some,2,9,1
637,66,Female,Australia,1,2,Autumn,Airbnb,Business,0,243.94,1765.29,7,Snowy,4,No,Some,9,18,0
638,53,Female,USA,1,7,Spring,Hostel,Education,2,179.67,8352.38,9,Cloudy,4,No,Some,1,4,1
639,29,Female,India,4,3,Summer,Hotel,Leisure,1,321.76,2031.58,8,Sunny,8,No,Some,9,6,1
640,58,Other,France,3,3,Spring,Hotel,Education,3,72.32,8936.85,8,Snowy,6,No,None,7,10,1
641,36,Other,China,3,2,Winter,Airbnb,Business,1,92.61,4640.63,9,Snowy,1,No,Extensive,2,13,0
642,29,Female,France,1,4,Winter,Airbnb,Business,4,64.79,6802.07,5,Rainy,8,No,None,2,15,1
643,26,Female,UK,5,8,Winter,Airbnb,Education,0,274.63,5022.68,5,Sunny,2,Yes,Some,5,17,1
644,24,Female,India,2,12,Winter,Hostel,Education,2,320.27,1030.51,3,Snowy,6,No,Extensive,5,3,0
645,45,Other,China,5,1,Winter,Airbnb,Education,4,78.12,2978.15,5,Sunny,9,No,Extensive,4,0,0
646,31,Other,France,5,1,Autumn,Airbnb,Leisure,3,374.55,9838.95,8,Cloudy,1,No,Some,10,14,1
647,48,Male,USA,1,12,Winter,Hotel,Business,4,153.68,9611.08,5,Rainy,6,Yes,Some,10,13,0
648,69,Male,Australia,1,14,Autumn,Hotel,Education,4,358.34,3272.82,4,Cloudy,8,Yes,Some,3,18,1
649,36,Female,UK,1,5,Summer,Airbnb,Business,3,491.85,9963.34,8,Sunny,2,No,Some,4,4,0
650,64,Other,India,4,11,Winter,Airbnb,Leisure,4,361.0,8470.96,7,Cloudy,5,Yes,Some,10,3,1
651,33,Other,UK,5,5,Winter,Hotel,Leisure,2,447.44,6148.5,6,Rainy,6,No,Some,4,12,1
652,22,Other,USA,3,11,Spring,Airbnb,Leisure,1,476.69,497.23,5,Sunny,5,No,Extensive,2,17,1
653,52,Female,India,2,12,Summer,Hostel,Leisure,4,269.04,9024.32,5,Snowy,3,Yes,Some,5,11,1
654,29,Male,UK,4,1,Winter,Hostel,Business,2,366.05,5618.55,10,Cloudy,4,No,Some,5,14,1
655,42,Female,Germany,3,6,Winter,Hostel,Leisure,1,433.39,8697.91,2,Rainy,7,Yes,Extensive,5,8,1
656,69,Male,USA,5,1,Summer,Airbnb,Leisure,1,210.47,8360.85,4,Snowy,4,Yes,None,10,3,0
657,38,Male,USA,1,5,Autumn,Hotel,Education,4,167.63,8346.76,8,Rainy,9,Yes,Some,1,4,1
658,53,Female,USA,5,9,Winter,Airbnb,Leisure,2,475.97,7011.92,8,Sunny,2,No,Extensive,6,8,0
659,40,Male,Germany,2,12,Spring,Airbnb,Education,4,376.84,2985.01,1,Sunny,5,No,Extensive,2,12,1
660,33,Male,Germany,4,14,Winter,Hotel,Leisure,3,148.86,3427.99,2,Cloudy,8,No,None,7,9,0
661,56,Other,France,4,5,Spring,Hotel,Leisure,1,252.09,3153.85,5,Rainy,5,No,Some,4,15,1
662,62,Male,China,2,6,Spring,Hotel,Education,4,408.4,298.46,9,Rainy,8,No,Some,5,12,1
663,59,Female,Australia,3,8,Winter,Hostel,Leisure,1,296.18,5867.43,10,Rainy,8,No,Some,5,3,0
664,56,Female,UK,3,11,Winter,Airbnb,Business,2,342.48,7018.45,7,Sunny,9,No,Extensive,5,12,0
665,31,Male,France,4,1,Spring,Hotel,Business,0,389.2,8553.27,10,Cloudy,6,Yes,Some,2,7,1
666,48,Other,UK,4,14,Summer,Airbnb,Leisure,4,329.9,1487.64,5,Rainy,4,No,Some,5,12,1
667,22,Other,Australia,1,2,Summer,Hostel,Business,4,293.04,5487.41,1,Rainy,3,No,Some,3,14,1
668,52,Male,China,3,9,Winter,Hostel,Education,1,387.33,179.28,6,Snowy,5,No,Some,4,19,1
669,40,Male,Germany,2,3,Autumn,Hotel,Leisure,2,377.4,1041.43,8,Rainy,6,Yes,None,2,19,0
670,46,Female,China,3,6,Summer,Hotel,Leisure,3,333.44,636.7,7,Cloudy,3,Yes,None,4,12,1
671,60,Male,Germany,1,5,Winter,Airbnb,Education,2,211.91,7282.23,2,Snowy,2,Yes,None,9,4,0
672,28,Other,Australia,4,11,Summer,Hotel,Education,4,232.62,902.49,5,Snowy,7,No,Some,8,5,1
673,35,Male,China,4,2,Autumn,Airbnb,Education,3,486.7,7192.88,4,Snowy,5,Yes,Some,3,4,1
674,64,Female,France,1,14,Winter,Hotel,Leisure,2,100.57,2571.28,9,Sunny,9,Yes,Extensive,1,12,1
675,29,Female,India,2,7,Autumn,Airbnb,Education,0,170.83,8789.36,10,Snowy,3,No,Extensive,1,4,1
676,26,Female,France,4,4,Winter,Airbnb,Education,1,271.58,8150.18,1,Rainy,8,No,Extensive,6,12,0
677,27,Female,UK,5,1,Autumn,Airbnb,Business,2,426.53,9582.52,6,Sunny,6,No,Some,3,19,1
678,61,Female,France,4,13,Summer,Airbnb,Business,2,123.65,8849.24,3,Sunny,4,Yes,None,4,7,1
679,34,Male,Australia,5,4,Summer,Hostel,Leisure,0,174.63,9339.96,9,Sunny,9,No,None,1,8,0
680,55,Male,USA,1,6,Autumn,Airbnb,Business,4,79.61,8601.55,5,Sunny,5,No,None,8,18,0
681,24,Male,UK,1,7,Autumn,Hotel,Business,1,367.69,6964.48,6,Sunny,6,No,Some,1,19,1
682,63,Male,China,4,7,Autumn,Hostel,Education,2,157.19,1785.57,9,Sunny,9,No,None,5,14,1
683,30,Female,UK,3,14,Winter,Hostel,Education,3,224.9,2789.9,9,Sunny,7,No,Extensive,6,9,1
684,57,Other,India,5,7,Summer,Airbnb,Business,2,249.67,2206.0,8,Snowy,5,No,Extensive,2,10,1
685,59,Male,Germany,2,3,Winter,Hostel,Business,1,451.09,6075.5,9,Cloudy,2,Yes,None,7,4,0
686,26,Other,China,4,6,Summer,Airbnb,Business,2,235.1,5085.84,4,Rainy,4,No,Extensive,7,8,1
687,67,Male,UK,2,13,Spring,Hotel,Leisure,0,115.35,8684.09,6,Rainy,2,Yes,None,1,10,1
688,44,Male,China,4,8,Winter,Airbnb,Leisure,2,285.94,9531.46,5,Snowy,3,Yes,None,4,18,0
689,19,Other,China,3,4,Summer,Hostel,Leisure,2,483.33,4108.11,5,Snowy,3,No,Extensive,4,1,1
690,22,Female,China,3,13,Summer,Hotel,Business,3,323.46,5112.87,4,Sunny,4,Yes,Extensive,5,5,0
691,46,Male,Germany,3,8,Winter,Airbnb,Business,0,492.52,9718.01,2,Cloudy,6,Yes,Extensive,1,0,0
692,54,Male,Australia,3,2,Winter,Hotel,Leisure,0,428.5,2834.77,6,Sunny,3,Yes,Extensive,1,2,0
693,55,Male,France,1,10,Summer,Hotel,Leisure,2,66.18,7944.67,9,Snowy,1,No,None,7,2,1
694,36,Other,China,1,9,Winter,Hostel,Business,3,346.28,2329.88,1,Sunny,1,Yes,Extensive,9,13,1
695,25,Female,USA,5,9,Autumn,Hotel,Education,2,179.05,6846.46,7,Rainy,9,Yes,Extensive,1,19,1
696,65,Other,Australia,2,8,Winter,Hostel,Leisure,2,301.83,2610.79,6,Rainy,9,Yes,Some,2,4,1
697,62,Other,India,4,10,Winter,Hotel,Business,1,175.71,8848.96,3,Sunny,5,Yes,Extensive,6,16,1
698,18,Female,Germany,4,14,Winter,Airbnb,Business,1,206.99,5658.63,1,Cloudy,9,No,Extensive,6,14,1
699,39,Other,UK,1,13,Summer,Hotel,Education,3,465.43,1940.74,4,Sunny,7,No,None,2,5,1
700,69,Female,Germany,4,10,Autumn,Airbnb,Business,4,142.99,2321.25,9,Sunny,9,Yes,None,9,13,1
701,34,Male,UK,1,1,Spring,Airbnb,Business,1,443.35,4989.11,2,Cloudy,7,No,Some,4,13,1
702,24,Female,Germany,5,2,Spring,Hotel,Leisure,4,63.71,9619.86,3,Cloudy,9,No,Extensive,7,16,0
703,42,Male,UK,2,6,Autumn,Airbnb,Leisure,0,90.89,7719.46,2,Cloudy,2,Yes,Extensive,6,7,1
704,62,Other,China,5,10,Autumn,Hotel,Education,1,434.6,4934.27,2,Rainy,8,No,Extensive,3,7,1
705,21,Other,France,3,5,Autumn,Hotel,Education,1,333.75,3443.42,10,Sunny,7,No,Extensive,8,18,1
706,53,Male,UK,3,12,Summer,Airbnb,Business,3,386.26,5537.76,8,Snowy,6,Yes,Extensive,7,8,0
707,23,Other,UK,3,14,Spring,Airbnb,Leisure,4,144.24,7508.77,3,Cloudy,5,Yes,Extensive,9,10,0
708,48,Female,USA,5,9,Autumn,Hostel,Education,1,291.69,7860.89,7,Cloudy,4,No,Some,3,12,1
709,36,Male,UK,4,5,Summer,Airbnb,Education,1,381.75,3313.63,8,Sunny,7,No,Extensive,1,12,0
710,61,Other,USA,2,2,Spring,Hostel,Education,3,332.29,7239.48,3,Snowy,3,No,Extensive,2,18,0
711,56,Male,India,3,10,Winter,Airbnb,Business,3,262.26,6612.11,2,Sunny,8,No,Extensive,1,18,1
712,44,Female,China,3,4,Summer,Hotel,Leisure,4,481.9,9595.21,8,Sunny,2,Yes,Some,5,4,1
713,27,Female,USA,3,9,Spring,Airbnb,Education,0,354.27,9317.79,3,Cloudy,1,Yes,Extensive,10,15,1
714,43,Other,France,2,1,Summer,Hotel,Leisure,0,458.49,7914.86,7,Cloudy,2,Yes,Some,2,8,1
715,36,Female,Australia,3,11,Spring,Hotel,Education,2,378.4,7261.61,1,Rainy,9,Yes,None,3,19,0
716,56,Male,China,2,1,Spring,Hotel,Education,1,380.96,2813.01,6,Snowy,5,Yes,Extensive,8,2,1
717,20,Female,USA,3,12,Winter,Hostel,Leisure,4,86.01,8475.06,9,Snowy,8,No,Some,10,18,0
718,62,Male,China,5,7,Summer,Airbnb,Leisure,1,211.76,4332.31,3,Cloudy,3,No,None,5,4,1
719,30,Male,China,5,11,Autumn,Hotel,Leisure,4,436.27,2795.18,7,Cloudy,7,Yes,Some,4,7,1
720,67,Female,China,2,3,Winter,Hotel,Business,4,154.67,3903.19,6,Cloudy,2,Yes,Some,5,13,1
721,45,Other,India,5,10,Winter,Hostel,Education,4,101.98,8375.76,8,Snowy,8,Yes,None,10,2,1
722,37,Female,France,2,2,Spring,Airbnb,Business,1,196.75,1571.47,3,Rainy,7,No,Extensive,6,12,1
723,45,Male,Germany,5,9,Autumn,Airbnb,Leisure,3,149.2,4615.97,3,Snowy,5,No,Extensive,7,10,0
724,25,Male,Germany,5,3,Summer,Hostel,Education,1,466.38,4974.34,4,Cloudy,4,No,Some,9,7,1
725,58,Female,USA,2,2,Autumn,Hostel,Business,4,440.58,462.63,3,Cloudy,1,Yes,None,1,18,1
726,56,Other,China,4,12,Autumn,Airbnb,Education,2,274.86,2037.89,9,Rainy,5,Yes,Extensive,4,9,1
727,18,Other,USA,5,8,Autumn,Hostel,Business,0,77.6,8284.75,4,Sunny,9,Yes,Some,9,17,1
728,20,Male,India,3,10,Autumn,Airbnb,Leisure,4,371.55,8324.6,6,Sunny,4,Yes,None,5,17,1
729,30,Male,India,4,6,Autumn,Airbnb,Business,2,330.54,2994.91,8,Snowy,9,Yes,Some,8,6,1
730,45,Other,UK,2,6,Spring,Hotel,Education,3,486.75,8761.48,8,Sunny,2,No,None,1,15,0
731,66,Female,India,4,10,Spring,Hotel,Education,4,301.53,7740.65,5,Sunny,4,Yes,Extensive,4,5,1
732,42,Male,UK,1,11,Winter,Airbnb,Education,2,201.38,4237.28,5,Snowy,9,No,Extensive,9,15,0
733,50,Male,France,1,7,Spring,Airbnb,Education,4,283.56,7509.22,6,Cloudy,4,No,Some,1,15,1
734,55,Other,USA,5,7,Winter,Airbnb,Leisure,1,490.67,9617.21,10,Sunny,5,No,Extensive,1,0,1
735,23,Female,Australia,5,11,Winter,Airbnb,Business,2,363.36,4643.8,7,Cloudy,8,No,Extensive,4,18,1
736,61,Other,France,3,13,Summer,Airbnb,Leisure,1,352.39,2460.43,10,Snowy,1,No,None,3,2,1
737,62,Female,India,4,6,Autumn,Airbnb,Leisure,1,158.31,9423.98,7,Cloudy,1,Yes,Extensive,7,5,0
738,49,Female,France,1,4,Spring,Hostel,Leisure,2,384.62,6077.07,4,Cloudy,9,Yes,None,3,3,1
739,62,Female,France,5,11,Summer,Airbnb,Education,0,387.62,1142.13,6,Snowy,9,Yes,None,1,3,1
740,64,Male,France,4,9,Spring,Hostel,Education,2,192.78,5769.56,7,Cloudy,4,No,Some,10,3,1
741,38,Other,India,5,6,Winter,Hostel,Education,0,267.67,5055.75,5,Sunny,2,No,None,2,9,0
742,33,Other,Australia,5,4,Spring,Airbnb,Business,4,182.57,8570.33,5,Sunny,9,No,Extensive,10,8,1
743,38,Female,China,1,12,Autumn,Airbnb,Education,4,166.42,5353.88,2,Sunny,4,No,None,4,7,1
744,28,Male,France,1,3,Winter,Hostel,Business,2,61.65,2626.8,7,Sunny,6,No,None,1,18,0
745,54,Male,UK,5,4,Winter,Hostel,Education,4,178.35,6788.88,6,Cloudy,1,No,Some,1,16,1
746,53,Other,India,2,3,Summer,Airbnb,Education,3,299.29,5471.5,1,Sunny,9,Yes,Extensive,8,16,0
747,52,Male,France,5,2,Autumn,Airbnb,Leisure,1,50.72,2407.14,4,Cloudy,5,No,Extensive,7,0,1
748,36,Male,Australia,5,14,Winter,Hostel,Leisure,1,177.45,5778.92,3,Rainy,3,No,Extensive,8,19,0
749,37,Female,China,3,5,Autumn,Hostel,Leisure,0,446.63,8233.2,3,Cloudy,4,Yes,None,4,13,1
750,35,Male,India,3,2,Spring,Hostel,Business,4,317.14,382.85,7,Sunny,1,No,Extensive,6,19,1
751,64,Female,Germany,3,6,Autumn,Hotel,Business,0,323.54,6345.43,10,Rainy,9,Yes,Extensive,3,10,1
752,58,Other,China,2,3,Winter,Hostel,Education,1,231.51,3560.89,4,Snowy,8,Yes,None,8,2,1
753,66,Male,UK,2,6,Summer,Hotel,Business,1,354.41,2997.45,8,Cloudy,4,Yes,Some,4,7,1
754,31,Other,France,5,11,Winter,Airbnb,Education,4,135.47,3986.62,9,Sunny,2,No,Some,3,9,0
755,32,Other,Australia,3,10,Autumn,Airbnb,Business,3,418.44,3486.02,3,Sunny,9,Yes,None,4,16,1
756,48,Male,Germany,2,9,Autumn,Hostel,Business,3,102.51,8339.17,5,Sunny,4,Yes,Some,6,7,1
757,18,Male,Australia,1,1,Winter,Airbnb,Business,4,345.2,2820.5,4,Snowy,9,No,Some,7,0,1
758,20,Other,Germany,5,6,Autumn,Airbnb,Leisure,4,203.52,7358.21,10,Rainy,3,Yes,Some,7,19,0
759,33,Male,India,4,9,Spring,Airbnb,Business,0,386.38,1031.19,6,Rainy,7,No,Extensive,4,6,0
760,40,Female,Germany,5,11,Winter,Airbnb,Leisure,4,297.39,9518.82,10,Sunny,7,No,Some,8,8,1
761,28,Female,UK,4,4,Summer,Hotel,Leisure,3,253.56,6260.93,4,Cloudy,4,Yes,Extensive,7,11,1
762,29,Male,UK,3,11,Winter,Hotel,Business,4,126.24,7096.51,8,Sunny,2,No,Some,2,8,1
763,27,Other,USA,4,12,Spring,Hostel,Education,0,336.57,3050.59,3,Sunny,9,No,Extensive,8,19,1
764,49,Male,UK,3,2,Spring,Hostel,Education,0,488.65,4179.76,5,Cloudy,4,Yes,None,9,2,1
765,33,Male,China,1,13,Spring,Hostel,Education,0,421.52,2315.41,1,Sunny,8,Yes,None,5,3,1
766,25,Other,Germany,4,4,Spring,Airbnb,Business,0,77.0,9332.11,6,Snowy,2,Yes,Some,4,9,1
767,55,Other,UK,5,1,Spring,Airbnb,Education,2,219.3,4932.23,5,Sunny,8,Yes,Extensive,4,3,1
768,29,Female,India,3,3,Summer,Hotel,Leisure,4,466.51,6341.44,8,Snowy,5,No,None,4,8,0
769,41,Other,Australia,5,10,Autumn,Hotel,Education,1,276.37,7369.29,9,Sunny,7,Yes,None,6,0,0
770,45,Female,Australia,2,9,Spring,Hostel,Business,4,347.95,3773.95,8,Rainy,7,Yes,None,4,4,0
771,25,Other,USA,3,10,Spring,Hotel,Education,2,460.67,7229.01,8,Cloudy,9,Yes,None,7,8,1
772,45,Male,Australia,4,5,Winter,Hotel,Leisure,0,443.21,6792.33,3,Rainy,3,No,Some,7,4,0
773,53,Female,Germany,3,11,Summer,Hotel,Business,2,275.82,7086.03,4,Sunny,4,No,Extensive,5,5,0
774,43,Female,USA,5,6,Summer,Hotel,Education,3,246.94,4943.38,4,Sunny,4,No,None,5,18,1
775,25,Female,Germany,1,3,Autumn,Hotel,Business,3,202.86,3891.08,5,Snowy,5,No,Some,10,7,0
776,67,Male,India,3,5,Summer,Hostel,Business,4,373.56,2298.61,9,Sunny,6,No,None,8,9,0
777,45,Male,USA,4,11,Winter,Hostel,Business,4,179.14,8263.8,9,Sunny,3,Yes,None,7,10,0
778,45,Male,France,2,8,Winter,Hotel,Education,1,162.45,6122.67,10,Sunny,4,No,None,7,12,0
779,54,Male,China,1,6,Autumn,Hostel,Business,1,210.31,4499.09,1,Rainy,3,No,None,6,19,1
780,58,Male,China,2,4,Winter,Airbnb,Education,3,129.75,9445.56,8,Snowy,2,No,Some,7,3,1
781,53,Female,Germany,3,2,Spring,Hotel,Leisure,0,362.8,573.6,1,Rainy,9,Yes,Extensive,7,10,1
782,44,Male,Australia,5,14,Spring,Airbnb,Education,2,327.31,8516.7,2,Snowy,1,Yes,Some,10,11,1
783,34,Female,France,5,9,Winter,Hostel,Leisure,1,267.3,9976.07,7,Rainy,2,No,Some,2,4,1
784,26,Male,USA,4,13,Autumn,Hostel,Education,1,225.65,8880.73,8,Sunny,8,Yes,Some,10,9,1
785,50,Other,France,5,12,Summer,Airbnb,Business,0,459.08,8123.32,1,Rainy,7,No,None,2,6,0
786,37,Female,France,1,1,Autumn,Hostel,Education,0,63.11,3805.63,3,Rainy,1,Yes,Extensive,10,8,0
787,30,Other,Australia,5,1,Summer,Hotel,Business,4,396.1,2390.01,7,Snowy,5,Yes,None,7,8,1
788,45,Female,USA,4,13,Winter,Airbnb,Leisure,2,455.86,7375.02,9,Snowy,6,No,Some,10,9,0
789,65,Other,India,3,4,Winter,Hotel,Education,0,250.86,3115.3,8,Rainy,5,Yes,None,7,9,0
790,46,Male,Australia,3,7,Spring,Airbnb,Business,1,297.81,1842.79,8,Snowy,4,No,Extensive,7,1,1
791,30,Male,France,5,1,Summer,Hostel,Leisure,1,475.01,7886.61,9,Snowy,1,No,Extensive,5,3,1
792,63,Male,France,2,9,Autumn,Airbnb,Leisure,3,145.52,3194.18,10,Snowy,7,No,None,1,7,0
793,52,Female,India,3,4,Winter,Airbnb,Education,0,284.06,9152.97,3,Cloudy,9,Yes,Some,2,13,0
794,23,Other,France,5,3,Autumn,Hotel,Leisure,4,263.62,8422.26,8,Snowy,6,Yes,None,9,16,1
795,35,Male,France,4,1,Spring,Hostel,Business,2,166.28,8491.64,1,Cloudy,3,No,Some,8,12,1
796,68,Other,France,5,10,Summer,Hotel,Leisure,4,418.37,7738.54,8,Cloudy,4,No,Extensive,8,17,0
797,22,Other,China,3,4,Summer,Hostel,Leisure,1,454.82,8820.73,7,Snowy,5,Yes,None,10,17,1
798,64,Male,Australia,4,9,Winter,Hotel,Business,4,401.87,8076.89,8,Rainy,1,No,Extensive,1,12,1
799,42,Male,UK,5,13,Summer,Airbnb,Leisure,1,137.91,6064.86,1,Snowy,5,Yes,Some,6,7,1
800,19,Other,Australia,1,14,Winter,Hotel,Leisure,1,89.04,3028.64,6,Sunny,1,Yes,Some,9,11,1
801,27,Male,India,4,10,Spring,Hostel,Leisure,1,322.45,8893.27,7,Rainy,9,Yes,None,8,0,0
802,47,Male,France,1,6,Summer,Hostel,Leisure,1,75.69,8421.98,5,Cloudy,7,No,None,3,19,1
803,67,Male,Australia,2,6,Winter,Airbnb,Business,1,352.77,4781.51,5,Cloudy,3,No,None,4,17,1
804,62,Female,China,4,1,Autumn,Hostel,Leisure,3,288.69,486.88,7,Rainy,9,Yes,Extensive,3,2,0
805,22,Other,India,1,10,Winter,Hotel,Business,4,348.25,6421.58,3,Rainy,2,No,Some,6,11,1
806,50,Other,Germany,3,2,Summer,Airbnb,Leisure,3,315.58,600.91,6,Snowy,7,No,Some,9,18,0
807,18,Female,Australia,3,11,Spring,Hostel,Leisure,3,240.22,9270.17,7,Cloudy,9,Yes,Extensive,8,12,0
808,35,Other,Germany,2,6,Summer,Hostel,Leisure,0,140.39,9620.15,1,Sunny,6,Yes,None,10,9,1
809,49,Male,France,4,2,Summer,Hotel,Leisure,0,187.57,1975.95,2,Snowy,5,No,None,4,14,0
810,64,Other,China,4,3,Winter,Hotel,Business,0,286.03,6796.25,4,Rainy,7,Yes,Extensive,2,19,1
811,66,Male,China,4,4,Autumn,Airbnb,Business,2,343.34,1013.46,8,Cloudy,6,No,Some,8,1,1
812,28,Female,Australia,2,11,Summer,Hostel,Business,0,400.77,7322.22,10,Rainy,5,Yes,Some,8,18,1
813,38,Male,India,4,5,Autumn,Hotel,Education,4,395.23,3538.15,6,Rainy,2,Yes,Some,6,2,1
814,43,Other,India,3,9,Winter,Airbnb,Leisure,3,487.71,6842.4,1,Rainy,8,No,Some,8,13,1
815,42,Other,China,1,12,Autumn,Hostel,Leisure,4,178.63,3791.48,10,Snowy,7,No,Extensive,9,6,0
816,39,Other,India,3,4,Winter,Hostel,Business,0,82.0,1541.12,5,Sunny,6,No,Some,1,7,1
817,44,Female,China,3,13,Spring,Airbnb,Education,2,205.55,4120.49,7,Sunny,5,No,Extensive,9,10,1
818,66,Female,Australia,1,11,Autumn,Airbnb,Leisure,2,384.48,1215.47,6,Cloudy,5,No,None,2,19,0
819,30,Other,UK,3,9,Autumn,Hotel,Business,3,247.15,5811.14,9,Rainy,9,Yes,Extensive,1,5,0
820,50,Male,China,2,11,Spring,Hostel,Leisure,4,418.0,505.42,8,Sunny,1,Yes,Some,8,10,0
821,51,Female,Germany,1,10,Autumn,Hostel,Leisure,1,297.2,5320.46,4,Rainy,9,No,None,8,16,1
822,58,Other,India,3,3,Spring,Hostel,Business,4,468.41,8875.05,5,Cloudy,6,Yes,Extensive,4,9,1
823,52,Other,China,5,8,Summer,Airbnb,Business,0,476.54,8394.95,7,Rainy,4,No,Extensive,8,16,1
824,18,Female,China,3,12,Winter,Hotel,Leisure,1,81.19,8839.54,8,Sunny,7,Yes,Extensive,7,1,1
825,38,Female,Australia,2,1,Spring,Hostel,Leisure,2,255.39,9228.28,5,Rainy,9,Yes,None,2,5,1
826,65,Female,India,4,11,Autumn,Airbnb,Business,3,324.36,1134.83,9,Sunny,5,No,Extensive,5,4,1
827,23,Male,UK,3,9,Spring,Hostel,Leisure,3,165.14,1374.6,10,Cloudy,5,No,Some,10,3,1
828,45,Male,Australia,4,9,Autumn,Hotel,Leisure,2,233.18,5614.37,4,Rainy,8,No,None,4,1,1
829,34,Other,UK,5,10,Summer,Hostel,Business,0,354.96,8950.33,4,Sunny,7,Yes,None,3,11,1
830,22,Female,Australia,3,2,Spring,Hotel,Leisure,2,152.03,9746.06,8,Cloudy,8,No,Extensive,1,2,1
831,48,Male,India,1,4,Summer,Hotel,Leisure,0,320.89,557.99,1,Rainy,2,No,Some,5,5,1
832,22,Female,USA,4,13,Winter,Hostel,Education,1,363.85,3622.16,8,Cloudy,9,No,None,10,13,1
833,55,Other,India,5,8,Autumn,Hostel,Business,2,90.72,2207.65,5,Sunny,3,No,Extensive,8,7,1
834,20,Male,India,1,7,Autumn,Hotel,Education,0,273.89,7584.06,1,Rainy,6,No,Some,9,13,1
835,40,Male,UK,1,1,Summer,Airbnb,Education,1,168.39,6437.92,4,Rainy,6,No,Extensive,7,2,1
836,54,Male,UK,1,5,Winter,Hotel,Education,2,375.97,1286.89,2,Rainy,2,Yes,Extensive,1,15,1
837,54,Other,India,1,7,Spring,Hostel,Leisure,3,135.3,4886.87,4,Cloudy,7,Yes,None,1,14,1
838,27,Female,India,3,4,Spring,Hostel,Leisure,2,451.51,6885.86,8,Cloudy,9,Yes,None,1,6,1
839,27,Male,India,3,1,Autumn,Airbnb,Education,4,243.92,7812.15,5,Sunny,1,Yes,Extensive,2,14,0
840,36,Other,UK,3,9,Summer,Hotel,Education,2,139.1,298.52,1,Snowy,8,No,None,1,12,0
841,34,Female,India,5,14,Summer,Hotel,Education,4,247.11,8915.65,7,Rainy,2,No,None,4,5,1
842,38,Other,India,5,5,Spring,Hotel,Leisure,1,233.93,5735.89,1,Rainy,1,Yes,Some,10,14,1
843,31,Female,France,5,11,Winter,Hostel,Education,2,243.01,8137.9,9,Sunny,8,Yes,Some,9,16,1
844,26,Other,USA,2,2,Winter,Hotel,Education,1,313.5,8098.59,3,Rainy,2,Yes,Extensive,4,3,1
845,63,Female,Germany,5,8,Spring,Airbnb,Business,1,284.53,1979.54,3,Cloudy,6,No,Extensive,4,13,1
846,18,Male,USA,3,11,Spring,Hostel,Business,0,117.4,1190.7,6,Cloudy,6,No,Extensive,7,14,0
847,68,Female,France,3,13,Summer,Hostel,Leisure,1,79.51,7240.74,10,Rainy,5,No,Extensive,9,11,0
848,62,Other,Germany,2,2,Winter,Hotel,Business,1,378.24,1648.63,6,Rainy,8,Yes,Some,7,18,1
849,30,Other,Australia,2,3,Spring,Airbnb,Business,2,301.87,8514.38,6,Cloudy,3,Yes,None,1,9,0
850,21,Female,India,5,14,Spring,Hostel,Business,2,211.55,7289.28,1,Rainy,4,Yes,Some,1,5,1
851,18,Male,France,4,10,Autumn,Hostel,Leisure,3,413.76,8434.07,5,Cloudy,7,Yes,Extensive,4,8,1
852,66,Male,Australia,2,1,Spring,Hotel,Business,0,224.63,3060.23,6,Snowy,7,Yes,Extensive,4,1,1
853,57,Female,India,1,11,Spring,Hotel,Leisure,1,408.18,3234.32,8,Snowy,8,No,Some,1,3,1
854,49,Female,UK,3,2,Winter,Airbnb,Education,0,187.59,6745.09,1,Rainy,2,No,Some,6,8,1
855,51,Other,China,1,14,Summer,Hotel,Business,4,82.78,411.31,5,Rainy,2,No,Extensive,10,14,0
856,45,Male,France,3,7,Winter,Airbnb,Leisure,1,469.69,7292.32,3,Rainy,4,No,None,2,12,1
857,48,Female,UK,3,10,Summer,Hostel,Business,0,227.55,8374.25,2,Cloudy,9,No,Extensive,5,19,1
858,25,Male,France,2,2,Autumn,Airbnb,Education,3,406.71,4210.12,8,Snowy,9,Yes,Some,8,7,0
859,56,Female,France,2,6,Spring,Airbnb,Leisure,3,175.61,7672.3,7,Snowy,4,No,Extensive,3,18,0
860,43,Female,UK,1,3,Autumn,Airbnb,Leisure,1,340.86,1828.65,10,Sunny,9,Yes,Extensive,9,18,0
861,51,Male,Germany,3,4,Summer,Hostel,Leisure,4,442.99,3290.38,7,Sunny,3,No,None,7,15,0
862,20,Female,USA,1,11,Winter,Hotel,Education,3,68.74,9745.62,5,Rainy,5,Yes,Extensive,9,10,1
863,67,Female,India,4,13,Winter,Hostel,Education,3,423.79,9864.65,9,Cloudy,9,Yes,Extensive,1,9,1
864,29,Other,France,1,8,Autumn,Hotel,Education,4,307.1,5174.79,5,Rainy,6,Yes,Extensive,5,7,1
865,18,Female,India,5,14,Summer,Airbnb,Leisure,0,323.36,9349.27,2,Snowy,3,Yes,Some,3,0,1
866,61,Female,China,1,3,Autumn,Airbnb,Education,3,285.42,5275.03,3,Rainy,9,Yes,Some,4,9,1
867,22,Female,UK,5,10,Autumn,Airbnb,Business,2,443.51,2986.72,4,Rainy,6,Yes,None,4,17,1
868,47,Other,India,5,6,Spring,Airbnb,Education,3,69.55,2742.3,5,Snowy,4,No,Extensive,7,2,1
869,47,Male,UK,5,1,Autumn,Airbnb,Leisure,0,167.46,9302.11,3,Snowy,4,Yes,Some,10,10,1
870,34,Other,India,4,7,Spring,Hotel,Business,0,444.09,1807.22,7,Snowy,8,Yes,None,8,17,1
871,65,Other,USA,1,8,Spring,Hotel,Education,1,388.56,5838.36,5,Snowy,7,No,Extensive,10,2,1
872,64,Male,USA,1,11,Winter,Airbnb,Business,2,57.94,5599.7,5,Sunny,1,Yes,None,5,7,1
873,40,Other,USA,4,14,Spring,Hostel,Business,0,282.65,7422.25,6,Cloudy,6,No,None,10,13,0
874,32,Male,USA,3,8,Spring,Hostel,Leisure,4,288.31,5042.5,7,Cloudy,8,No,None,7,5,1
875,54,Other,USA,2,3,Winter,Airbnb,Business,2,230.4,2795.63,10,Snowy,3,Yes,None,3,14,1
876,38,Male,USA,1,14,Autumn,Hotel,Business,2,183.83,1777.03,10,Cloudy,9,Yes,None,3,13,0
877,31,Female,UK,2,10,Summer,Hostel,Leisure,4,356.78,6246.11,8,Cloudy,2,No,None,3,6,1
878,19,Other,France,4,1,Summer,Hostel,Leisure,3,143.51,7218.01,9,Cloudy,6,Yes,None,4,9,1
879,28,Other,India,3,9,Summer,Hostel,Leisure,4,409.53,5738.26,4,Cloudy,1,No,Extensive,6,14,0
880,68,Other,USA,3,13,Autumn,Airbnb,Business,4,411.37,7409.68,5,Snowy,2,Yes,Extensive,5,9,1
881,56,Other,UK,3,6,Spring,Hostel,Business,3,236.87,1501.06,5,Rainy,5,No,None,8,16,0
882,55,Female,UK,4,11,Summer,Hostel,Business,3,177.6,8836.45,8,Rainy,1,Yes,Extensive,5,18,1
883,51,Other,UK,5,9,Autumn,Hostel,Leisure,3,177.75,5865.72,9,Rainy,8,Yes,None,5,16,0
884,55,Female,France,5,7,Spring,Hostel,Education,3,267.03,1355.75,7,Sunny,1,No,Extensive,10,11,1
885,67,Female,India,2,1,Winter,Hotel,Business,3,373.81,4673.06,5,Cloudy,9,No,Some,2,14,0
886,51,Female,France,5,12,Summer,Airbnb,Education,4,211.49,8463.44,3,Snowy,3,No,None,5,11,0
887,35,Female,Germany,5,12,Spring,Airbnb,Leisure,1,324.52,8985.87,1,Snowy,2,No,Some,7,8,0
888,47,Male,Australia,3,1,Summer,Hotel,Business,1,222.12,2720.03,9,Sunny,1,Yes,None,2,4,1
889,32,Male,UK,3,6,Summer,Hotel,Education,0,187.04,7141.53,5,Snowy,9,No,None,6,3,1
890,44,Other,Germany,2,5,Summer,Airbnb,Business,1,61.19,1089.85,9,Rainy,4,No,Some,7,11,1
891,68,Male,China,1,9,Spring,Hostel,Business,1,51.76,432.1,10,Sunny,1,Yes,Some,5,15,1
892,51,Male,USA,2,2,Autumn,Hostel,Business,4,152.24,5647.95,4,Snowy,1,Yes,Some,9,8,1
893,69,Other,Australia,2,8,Spring,Airbnb,Education,3,232.88,6978.79,5,Sunny,7,No,None,4,2,0
894,55,Other,USA,4,11,Summer,Hostel,Leisure,3,433.07,7978.29,4,Sunny,2,Yes,Some,10,2,1
895,50,Other,France,4,5,Spring,Hotel,Business,4,409.32,3468.14,2,Snowy,7,No,Some,1,17,0
896,41,Male,Australia,2,2,Winter,Hostel,Leisure,1,170.22,164.6,1,Rainy,7,Yes,Extensive,8,16,1
897,32,Male,India,2,13,Autumn,Hostel,Leisure,4,160.04,4847.24,8,Snowy,9,No,Extensive,8,9,1
898,47,Other,Germany,2,10,Spring,Hostel,Education,0,152.29,256.95,4,Cloudy,7,Yes,Some,7,1,1
899,59,Female,India,5,11,Winter,Airbnb,Education,3,202.66,1010.65,5,Cloudy,1,No,Some,8,10,0
900,68,Other,France,4,11,Autumn,Hotel,Leisure,2,274.19,3334.22,6,Snowy,8,No,Some,2,2,1
901,34,Female,USA,2,12,Winter,Hostel,Business,0,247.4,4428.0,8,Rainy,8,Yes,Some,3,1,0
902,22,Female,Australia,3,6,Autumn,Airbnb,Education,0,148.22,2866.75,8,Cloudy,4,Yes,Extensive,9,8,0
903,46,Other,India,3,10,Spring,Hostel,Business,4,108.7,5860.47,7,Cloudy,8,No,None,1,18,0
904,21,Other,India,5,8,Winter,Hotel,Business,1,55.66,647.96,4,Snowy,4,No,Some,8,1,1
905,27,Other,USA,5,4,Summer,Hostel,Business,3,119.28,1531.34,6,Snowy,8,Yes,Some,8,18,1
906,34,Male,Australia,1,2,Winter,Hotel,Leisure,2,367.41,6983.06,4,Snowy,5,Yes,Extensive,7,1,1
907,27,Female,Germany,1,12,Autumn,Hostel,Business,0,159.64,1507.19,7,Sunny,4,Yes,Some,5,14,0
908,34,Male,USA,1,11,Spring,Hotel,Leisure,2,260.87,6433.77,1,Sunny,6,Yes,Some,4,2,1
909,37,Male,India,5,5,Autumn,Hostel,Leisure,1,316.09,641.38,5,Sunny,2,Yes,Extensive,10,4,1
910,41,Other,Germany,5,12,Winter,Hotel,Business,1,449.08,4133.08,10,Snowy,2,Yes,Some,10,10,0
911,22,Male,Germany,5,2,Winter,Hostel,Business,2,449.98,1856.35,10,Rainy,2,Yes,Some,10,6,0
912,51,Other,USA,3,2,Summer,Hostel,Business,3,385.58,1185.4,4,Cloudy,9,Yes,Extensive,10,5,1
913,23,Female,India,5,6,Spring,Airbnb,Business,1,65.82,5713.62,7,Sunny,3,Yes,None,6,13,1
914,19,Other,France,3,11,Spring,Airbnb,Leisure,2,308.78,9290.52,9,Rainy,4,No,Some,1,0,1
915,30,Male,India,1,10,Winter,Hotel,Business,0,403.96,642.39,5,Snowy,8,Yes,Some,5,16,1
916,60,Male,UK,1,9,Spring,Hostel,Business,2,57.78,4273.39,4,Sunny,4,Yes,None,4,16,0
917,60,Other,Australia,1,13,Summer,Hotel,Leisure,2,297.36,7104.6,9,Snowy,7,No,Extensive,4,13,0
918,65,Other,China,2,4,Autumn,Airbnb,Education,4,435.99,4680.61,5,Rainy,5,No,None,7,9,1
919,28,Male,France,2,6,Spring,Hotel,Education,1,263.35,8084.31,9,Sunny,9,No,Some,9,7,1
920,68,Female,Germany,4,7,Winter,Hotel,Leisure,3,51.85,1878.49,8,Sunny,4,No,None,8,7,1
921,64,Female,France,4,13,Autumn,Airbnb,Education,3,54.96,9599.98,4,Sunny,3,No,Extensive,8,13,1
922,40,Other,Australia,4,11,Autumn,Hostel,Leisure,4,237.49,3913.11,7,Sunny,2,No,Some,5,6,1
923,33,Female,Germany,2,6,Summer,Hotel,Business,3,119.75,3481.54,5,Rainy,1,Yes,Extensive,6,5,0
924,48,Male,Australia,2,8,Winter,Airbnb,Business,2,349.0,8758.6,10,Sunny,6,No,Extensive,2,3,1
925,28,Other,Germany,4,4,Spring,Hostel,Education,4,368.96,5682.28,4,Cloudy,2,No,None,3,0,1
926,33,Male,France,4,12,Winter,Airbnb,Business,0,130.05,5212.8,5,Cloudy,8,No,None,5,14,0
927,25,Male,Germany,5,1,Autumn,Hotel,Education,1,449.84,7297.08,5,Snowy,6,Yes,Extensive,2,14,1
928,21,Female,Germany,4,7,Winter,Hostel,Education,1,248.86,5840.36,9,Sunny,5,No,Extensive,3,0,0
929,57,Other,UK,5,3,Spring,Hostel,Business,1,114.28,1708.9,9,Cloudy,2,Yes,Some,4,19,0
930,21,Other,India,3,14,Spring,Airbnb,Business,2,393.91,6774.56,6,Cloudy,7,No,Extensive,6,2,1
931,42,Female,India,2,6,Summer,Airbnb,Education,0,405.49,1421.34,4,Cloudy,2,No,Extensive,5,4,1
932,20,Male,China,4,2,Spring,Airbnb,Business,4,337.68,8077.99,2,Rainy,5,Yes,None,10,4,0
933,49,Male,China,2,9,Spring,Hostel,Leisure,4,434.06,9898.39,3,Sunny,2,Yes,Extensive,4,3,1
934,20,Male,UK,2,1,Winter,Hostel,Business,1,381.82,3836.14,2,Rainy,2,No,Extensive,2,16,1
935,44,Male,China,2,6,Winter,Hotel,Business,0,446.99,4503.08,5,Rainy,7,Yes,None,5,19,1
936,46,Other,Australia,3,6,Autumn,Hostel,Leisure,0,245.25,559.69,6,Cloudy,9,Yes,Some,5,13,1
937,49,Other,France,1,5,Summer,Hotel,Business,0,386.42,235.96,5,Cloudy,5,No,None,7,7,0
938,67,Female,USA,4,13,Winter,Airbnb,Business,3,499.89,9222.05,2,Snowy,7,No,None,1,1,0
939,68,Female,Australia,1,5,Spring,Airbnb,Education,3,376.22,1373.38,5,Sunny,4,No,Extensive,4,7,0
940,36,Other,USA,1,1,Autumn,Hostel,Business,1,101.38,4513.21,9,Sunny,2,Yes,Extensive,5,0,0
941,38,Other,USA,1,10,Winter,Airbnb,Business,0,283.24,8172.01,4,Cloudy,3,No,Some,8,3,0
942,22,Male,UK,2,12,Summer,Airbnb,Leisure,0,314.31,8904.26,10,Cloudy,2,No,Extensive,8,18,0
943,35,Male,Australia,5,5,Summer,Hostel,Education,4,128.39,5242.04,2,Sunny,5,Yes,Some,1,4,1
944,45,Female,UK,2,2,Autumn,Hotel,Education,4,483.3,5693.82,3,Snowy,6,Yes,Some,5,4,1
945,59,Other,Germany,2,7,Autumn,Hostel,Education,1,129.01,6729.87,3,Cloudy,7,No,Some,10,19,1
946,39,Female,USA,1,3,Autumn,Hotel,Business,0,129.9,9617.69,9,Snowy,3,Yes,Some,1,18,0
947,38,Other,France,2,13,Autumn,Hostel,Education,1,461.83,6066.43,4,Rainy,4,No,Extensive,1,11,1
948,23,Male,China,1,4,Autumn,Hostel,Leisure,4,259.34,5638.81,1,Cloudy,8,Yes,None,2,19,0
949,18,Female,France,5,3,Spring,Airbnb,Education,4,78.43,243.89,1,Rainy,4,No,None,2,0,1
950,22,Female,China,4,3,Spring,Hostel,Leisure,3,319.18,901.4,7,Cloudy,7,Yes,Extensive,9,6,0
951,58,Other,USA,1,4,Winter,Hostel,Education,1,320.82,5814.0,7,Rainy,6,Yes,Extensive,4,16,1
952,29,Male,USA,5,5,Summer,Hotel,Education,1,79.03,9368.78,2,Cloudy,7,Yes,Some,3,1,1
953,43,Female,USA,4,1,Spring,Airbnb,Leisure,0,487.64,8680.24,9,Snowy,1,Yes,Extensive,1,10,1
954,63,Male,UK,3,4,Spring,Hotel,Education,0,294.81,9827.53,9,Snowy,3,No,None,2,6,0
955,51,Female,Australia,1,12,Spring,Hotel,Education,3,301.91,5325.56,5,Snowy,6,Yes,Extensive,6,16,1
956,66,Male,China,1,12,Winter,Airbnb,Education,2,284.05,7900.52,3,Rainy,3,No,Extensive,9,2,1
957,31,Other,Australia,3,11,Autumn,Airbnb,Business,2,324.83,8419.96,3,Snowy,7,Yes,Some,5,5,0
958,43,Female,UK,3,8,Winter,Airbnb,Leisure,2,168.93,6515.51,3,Rainy,9,Yes,Some,4,10,1
959,62,Female,UK,1,10,Summer,Hostel,Education,1,179.26,3453.62,6,Cloudy,3,No,Some,5,17,1
960,44,Male,India,3,7,Summer,Airbnb,Leisure,1,280.1,4752.79,4,Rainy,1,Yes,Some,9,17,1
961,26,Male,France,2,9,Summer,Airbnb,Leisure,4,413.01,8593.38,8,Cloudy,6,Yes,None,7,9,1
962,43,Female,France,4,5,Summer,Airbnb,Leisure,1,72.44,3055.62,5,Sunny,1,No,Extensive,8,4,1
963,64,Other,Germany,4,13,Spring,Hotel,Education,1,321.53,9245.06,1,Sunny,1,Yes,Extensive,4,14,1
964,39,Male,UK,4,10,Spring,Hotel,Education,1,413.05,2375.08,9,Sunny,8,No,Some,8,19,1
965,64,Male,China,2,4,Winter,Hostel,Leisure,3,120.61,7520.21,1,Rainy,9,Yes,None,6,3,1
966,47,Male,India,3,8,Autumn,Hotel,Business,1,56.76,6342.54,6,Sunny,2,Yes,None,5,0,1
967,60,Female,India,5,9,Summer,Hostel,Leisure,0,190.72,7521.03,1,Sunny,9,Yes,Extensive,7,14,1
968,65,Female,Australia,3,13,Winter,Hotel,Business,0,314.66,4429.74,3,Sunny,5,No,Some,6,16,1
969,34,Female,France,1,7,Spring,Airbnb,Leisure,4,112.23,9333.15,10,Cloudy,8,Yes,Extensive,3,18,0
970,43,Female,UK,4,14,Spring,Hotel,Leisure,3,241.76,6361.47,5,Snowy,7,Yes,Extensive,5,13,1
971,53,Other,Germany,3,7,Autumn,Hostel,Leisure,0,298.54,2954.13,10,Rainy,7,Yes,None,9,18,0
972,18,Other,UK,5,5,Autumn,Hotel,Education,3,319.5,6420.71,7,Sunny,4,Yes,None,7,17,0
973,25,Female,Australia,1,4,Autumn,Airbnb,Business,3,173.49,2939.48,10,Cloudy,2,Yes,Extensive,4,1,0
974,66,Other,USA,2,14,Winter,Hostel,Business,4,230.01,3006.96,8,Snowy,5,Yes,Some,7,5,1
975,52,Male,UK,2,10,Spring,Airbnb,Leisure,3,400.25,4056.03,9,Snowy,3,Yes,Some,5,12,0
976,69,Male,Australia,5,1,Spring,Airbnb,Education,1,473.55,8539.06,6,Snowy,9,Yes,Extensive,2,16,1
977,32,Male,USA,1,10,Autumn,Hostel,Education,3,437.85,5052.95,9,Cloudy,6,Yes,Extensive,6,5,1
978,64,Female,USA,4,10,Summer,Airbnb,Business,4,303.93,6821.12,8,Sunny,1,No,Some,7,4,0
979,39,Male,Germany,3,7,Autumn,Airbnb,Education,4,234.63,3980.48,9,Snowy,3,Yes,Some,8,6,0
980,31,Other,China,1,1,Winter,Hotel,Business,4,199.83,2709.69,10,Cloudy,4,No,Some,6,0,1
981,43,Female,France,2,1,Autumn,Airbnb,Business,0,106.23,9550.94,4,Cloudy,9,No,Extensive,8,12,1
982,45,Other,UK,5,5,Autumn,Airbnb,Business,1,97.95,6075.45,9,Rainy,6,No,None,7,18,1
983,40,Male,USA,5,13,Winter,Airbnb,Education,0,359.76,9346.12,7,Cloudy,4,Yes,Some,2,0,1
984,31,Male,UK,3,9,Autumn,Airbnb,Business,2,166.91,2113.79,5,Snowy,1,No,Some,6,12,1
985,41,Male,China,5,6,Spring,Hostel,Business,1,164.6,1554.25,5,Snowy,8,No,Some,9,10,1
986,19,Female,France,5,3,Summer,Hotel,Leisure,3,499.19,8572.65,1,Cloudy,2,No,Extensive,6,6,1
987,62,Other,China,1,13,Autumn,Airbnb,Business,4,134.57,6841.08,2,Snowy,8,Yes,None,4,19,1
988,43,Female,France,4,3,Winter,Airbnb,Business,2,116.63,1947.13,10,Cloudy,6,No,None,7,2,1
989,31,Female,India,3,7,Summer,Hostel,Leisure,1,94.41,2766.66,3,Snowy,8,Yes,Some,3,0,0
990,68,Male,France,1,6,Winter,Airbnb,Leisure,0,310.91,8026.57,8,Rainy,6,No,Extensive,5,7,1
991,24,Female,Germany,4,9,Summer,Hostel,Education,4,332.54,4593.3,6,Sunny,5,No,None,1,16,1
992,20,Female,China,1,6,Summer,Hotel,Business,0,214.35,6738.35,10,Rainy,5,Yes,Extensive,10,12,1
993,64,Male,USA,1,5,Autumn,Hotel,Education,1,290.94,3251.69,5,Rainy,8,Yes,None,3,13,0
994,40,Female,India,5,10,Spring,Airbnb,Education,1,404.78,3874.18,1,Sunny,7,No,Some,8,4,1
995,63,Male,Germany,4,7,Autumn,Airbnb,Leisure,2,418.15,9908.05,9,Snowy,8,No,Extensive,9,5,0
996,60,Male,UK,3,1,Winter,Airbnb,Education,3,481.06,2551.41,3,Sunny,8,No,Some,9,5,0
997,64,Male,China,3,12,Winter,Hostel,Business,0,420.92,5113.92,3,Cloudy,7,Yes,None,10,7,0
998,62,Male,Australia,4,7,Summer,Airbnb,Leisure,2,304.18,8459.58,2,Sunny,2,Yes,None,2,12,1
999,35,Female,Australia,5,3,Summer,Airbnb,Business,4,130.85,2468.31,4,Rainy,9,No,Some,4,17,0
1000,55,Male,USA,2,14,Spring,Hotel,Business,3,94.89,4210.62,2,Sunny,7,No,None,5,3,1
